Workbook
Name MinSolverVola: 'Option Param Details'!$B$12
Name MaxSolverVola: 'Option Param Details'!$B$11
Name DividendYield: 'Option Param Details'!$B$4
Name Underlying: 'Option Param Details'!$B$2
Name TimeToExpiration: 'Option Param Details'!$B$9
Name RiskFreeRate: 'Option Param Details'!$B$3

Sheet Output Stats
A3: Absolute Price Err
A4: Overall | E4: Calls Only | I4: Puts Only
A5: Min | B5: Median | C5: Mean | D5: Max | E5: Min | F5: Median | G5: Mean | H5: Max | I5: Min | J5: Median | K5: Mean | L5: Max
A6: =MIN(E6,I6) -> 4.6463793e-06 | B6: =MEDIAN('Call Vola Solver'!D$5:D$39, 'Put Vola Solver'!D$5:D$39) -> 0.00010211154 | C6: =AVERAGE('Call Vola Solver'!D$5:D$39, 'Put Vola Solver'!D$5:D$39) -> 0.016875977 | D6: =MAX(H6,L6) -> 0.7752025 | E6: =MIN('Call Vola Solver'!D$5:D$39) -> 4.6463793e-06 | F6: =MEDIAN('Call Vola Solver'!D$5:D$39) -> 0.00011495926 | G6: =AVERAGE('Call Vola Solver'!D$5:D$39) -> 0.011494481 | H6: =MAX('Call Vola Solver'!D$5:D$39) -> 0.20939776 | I6: =MIN('Put Vola Solver'!D$5:D$39) -> 6.9807078e-06 | J6: =MEDIAN('Put Vola Solver'!D$5:D$39) -> 8.7169937e-05 | K6: =AVERAGE('Put Vola Solver'!D$5:D$39) -> 0.022257473 | L6: =MAX('Put Vola Solver'!D$5:D$39) -> 0.7752025
A9: Relative Price Err
A10: Overall | E10: Calls Only | I10: Puts Only
A11: Min | B11: Median | C11: Mean | D11: Max | E11: Min | F11: Median | G11: Mean | H11: Max | I11: Min | J11: Median | K11: Mean | L11: Max
A12: =MIN(E12,I12) -> 1.7463709e-07 | B12: =MEDIAN('Call Vola Solver'!E$5:E$39, 'Put Vola Solver'!E$5:E$39) -> 3.3615808e-05 | C12: =AVERAGE('Call Vola Solver'!E$5:E$39, 'Put Vola Solver'!E$5:E$39) -> 0.00054006758 | D12: =MAX(H12,L12) -> 0.024112052 | E12: =MIN('Call Vola Solver'!E$5:E$39) -> 1.7463709e-07 | F12: =MEDIAN('Call Vola Solver'!E$5:E$39) -> 3.2922223e-05 | G12: =AVERAGE('Call Vola Solver'!E$5:E$39) -> 0.00033187833 | H12: =MAX('Call Vola Solver'!E$5:E$39) -> 0.005125754 | I12: =MIN('Put Vola Solver'!E$5:E$39) -> 3.1335808e-07 | J12: =MEDIAN('Put Vola Solver'!E$5:E$39) -> 3.4309393e-05 | K12: =AVERAGE('Put Vola Solver'!E$5:E$39) -> 0.00074825684 | L12: =MAX('Put Vola Solver'!E$5:E$39) -> 0.024112052
A15: Price Err Divided By Spread
A16: Overall | E16: Calls Only | I16: Puts Only
A17: Min | B17: Median | C17: Mean | D17: Max | E17: Min | F17: Median | G17: Mean | H17: Max | I17: Min | J17: Median | K17: Mean | L17: Max
A18: =MIN(E18,I18) -> 1.6694751e-06 | B18: =MEDIAN('Call Vola Solver'!F5:F39, 'Put Vola Solver'!F5:F39) -> 0.001490707 | C18: =AVERAGE('Call Vola Solver'!F5:F39, 'Put Vola Solver'!F5:F39) -> 0.0082391245 | D18: =MAX(H18,L18) -> 0.25006606 | E18: =MIN('Call Vola Solver'!F5:F39) -> 1.6694751e-06 | F18: =MEDIAN('Call Vola Solver'!F5:F39) -> 0.001364776 | G18: =AVERAGE('Call Vola Solver'!F5:F39) -> 0.0062547969 | H18: =MAX('Call Vola Solver'!F5:F39) -> 0.077043326 | I18: =MIN('Put Vola Solver'!F5:F39) -> 1.4279825e-05 | J18: =MEDIAN('Put Vola Solver'!F5:F39) -> 0.0016166381 | K18: =AVERAGE('Put Vola Solver'!F5:F39) -> 0.010223452 | L18: =MAX('Put Vola Solver'!F5:F39) -> 0.25006606
A24: GRADING SCHEME
A26: Option market data
A27: - mid prices | B27: 1
A28: - spreads | B28: 1
A29: Option param details
A30: - days to expiration | B30: 1
A31: - years to expiration | B31: 1
A32: - min/max volatility | B32: 2
A33: Call Vola solver
A34: - Fix bug | B34: 1
A35: - iteration 0 formulae | B35: 3
A36: - iteration 1 to N formulae | B36: 3
A37: - final values | B37: 3
A38: Put Vola solver
A39: - Fix bug 1 | B39: 1
A40: - Fix bug 2 | B40: 1
A41: - copying correct put data | B41: 1
A42: - iteration 0 formulae | B42: 1
A43: - iteration 1 to N formulae | B43: 1
A44: - final values | B44: 1
A45: Output stats
A46: - absolute error | B46: 1
A47: - relative error | B47: 1
A48: - error/spread | B48: 1
A50: Total | B50: =sum(B26:B49) -> 25

Sheet Option Mkt Data
A3: Strike | B3: Call Bid | C3: Call Ask | D3: Call Intrinsic Value (lower bound) | E3: Call upper bound | F3: Put Bid | G3: Put Ask | H3: Put Intrinsic Value (lower bound) | I3: Put upper bound | J3: Call Mid | K3: Put Mid | L3: Call Price Spread | M3: Put Price Spread
A5: 295 | B5: 44.699997 | C5: 45.449997 | D5: =MAX(Underlying*EXP(-DividendYield*TimeToExpiration)-A5*EXP(-RiskFreeRate*TimeToExpiration), 0) -> 44.507221 | E5: =Underlying*EXP(-DividendYield*TimeToExpiration) -> 339.25 | F5: 0.24000001 | G5: 0.25999999 | H5: =MAX(A5*EXP(-RiskFreeRate*TimeToExpiration)-Underlying*EXP(-DividendYield*TimeToExpiration), 0) -> 0 | I5: =A5*EXP(-RiskFreeRate*TimeToExpiration) -> 294.74278 | J5: =AVERAGE(B5:C5) -> 45.074997 | K5: =AVERAGE(F5:G5) -> 0.25 | L5: =C5-B5 -> 0.75 | M5: =G5-F5 -> 0.01999998
A6: 297.5 | B6: 40.199997 | C6: 43.400009 | D6: =MAX(Underlying*EXP(-DividendYield*TimeToExpiration)-A6*EXP(-RiskFreeRate*TimeToExpiration), 0) -> 42.009401 | E6: =Underlying*EXP(-DividendYield*TimeToExpiration) -> 339.25 | F6: 0.27000004 | G6: 0.29000002 | H6: =MAX(A6*EXP(-RiskFreeRate*TimeToExpiration)-Underlying*EXP(-DividendYield*TimeToExpiration), 0) -> 0 | I6: =A6*EXP(-RiskFreeRate*TimeToExpiration) -> 297.2406 | J6: =AVERAGE(B6:C6) -> 41.800003 | K6: =AVERAGE(F6:G6) -> 0.28000003 | L6: =C6-B6 -> 3.2000122 | M6: =G6-F6 -> 0.01999998
A7: 300 | B7: 39.799988 | C7: 40.199997 | D7: =MAX(Underlying*EXP(-DividendYield*TimeToExpiration)-A7*EXP(-RiskFreeRate*TimeToExpiration), 0) -> 39.511581 | E7: =Underlying*EXP(-DividendYield*TimeToExpiration) -> 339.25 | F7: 0.31 | G7: 0.31999999 | H7: =MAX(A7*EXP(-RiskFreeRate*TimeToExpiration)-Underlying*EXP(-DividendYield*TimeToExpiration), 0) -> 0 | I7: =A7*EXP(-RiskFreeRate*TimeToExpiration) -> 299.73842 | J7: =AVERAGE(B7:C7) -> 39.999992 | K7: =AVERAGE(F7:G7) -> 0.315 | L7: =C7-B7 -> 0.40000916 | M7: =G7-F7 -> 0.009999991
A8: 302.5 | B8: 35.600006 | C8: 38.050003 | D8: =MAX(Underlying*EXP(-DividendYield*TimeToExpiration)-A8*EXP(-RiskFreeRate*TimeToExpiration), 0) -> 37.01376 | E8: =Underlying*EXP(-DividendYield*TimeToExpiration) -> 339.25 | F8: 0.36000001 | G8: 0.37000001 | H8: =MAX(A8*EXP(-RiskFreeRate*TimeToExpiration)-Underlying*EXP(-DividendYield*TimeToExpiration), 0) -> 0 | I8: =A8*EXP(-RiskFreeRate*TimeToExpiration) -> 302.23624 | J8: =AVERAGE(B8:C8) -> 36.825005 | K8: =AVERAGE(F8:G8) -> 0.36500001 | L8: =C8-B8 -> 2.449997 | M8: =G8-F8 -> 0.009999991
A9: 305 | B9: 34.900009 | C9: 35.25 | D9: =MAX(Underlying*EXP(-DividendYield*TimeToExpiration)-A9*EXP(-RiskFreeRate*TimeToExpiration), 0) -> 34.51594 | E9: =Underlying*EXP(-DividendYield*TimeToExpiration) -> 339.25 | F9: 0.42000002 | G9: 0.43000001 | H9: =MAX(A9*EXP(-RiskFreeRate*TimeToExpiration)-Underlying*EXP(-DividendYield*TimeToExpiration), 0) -> 0 | I9: =A9*EXP(-RiskFreeRate*TimeToExpiration) -> 304.73406 | J9: =AVERAGE(B9:C9) -> 35.075005 | K9: =AVERAGE(F9:G9) -> 0.42500001 | L9: =C9-B9 -> 0.34999084 | M9: =G9-F9 -> 0.00999999
A10: 307.5 | B10: 30.349991 | C10: 33.699997 | D10: =MAX(Underlying*EXP(-DividendYield*TimeToExpiration)-A10*EXP(-RiskFreeRate*TimeToExpiration), 0) -> 32.01812 | E10: =Underlying*EXP(-DividendYield*TimeToExpiration) -> 339.25 | F10: 0.49000001 | G10: 0.5 | H10: =MAX(A10*EXP(-RiskFreeRate*TimeToExpiration)-Underlying*EXP(-DividendYield*TimeToExpiration), 0) -> 0 | I10: =A10*EXP(-RiskFreeRate*TimeToExpiration) -> 307.23188 | J10: =AVERAGE(B10:C10) -> 32.024994 | K10: =AVERAGE(F10:G10) -> 0.49500001 | L10: =C10-B10 -> 3.3500061 | M10: =G10-F10 -> 0.00999999
A11: 310 | B11: 30.100006 | C11: 30.25 | D11: =MAX(Underlying*EXP(-DividendYield*TimeToExpiration)-A11*EXP(-RiskFreeRate*TimeToExpiration), 0) -> 29.5203 | E11: =Underlying*EXP(-DividendYield*TimeToExpiration) -> 339.25 | F11: 0.57999998 | G11: 0.58999997 | H11: =MAX(A11*EXP(-RiskFreeRate*TimeToExpiration)-Underlying*EXP(-DividendYield*TimeToExpiration), 0) -> 0 | I11: =A11*EXP(-RiskFreeRate*TimeToExpiration) -> 309.7297 | J11: =AVERAGE(B11:C11) -> 30.175003 | K11: =AVERAGE(F11:G11) -> 0.58499998 | L11: =C11-B11 -> 0.1499939 | M11: =G11-F11 -> 0.009999991
A12: 312.5 | B12: 27.099991 | C12: 28.099991 | D12: =MAX(Underlying*EXP(-DividendYield*TimeToExpiration)-A12*EXP(-RiskFreeRate*TimeToExpiration), 0) -> 27.02248 | E12: =Underlying*EXP(-DividendYield*TimeToExpiration) -> 339.25 | F12: 0.69999999 | G12: 0.70999998 | H12: =MAX(A12*EXP(-RiskFreeRate*TimeToExpiration)-Underlying*EXP(-DividendYield*TimeToExpiration), 0) -> 0 | I12: =A12*EXP(-RiskFreeRate*TimeToExpiration) -> 312.22752 | J12: =AVERAGE(B12:C12) -> 27.599991 | K12: =AVERAGE(F12:G12) -> 0.70499998 | L12: =C12-B12 -> 1 | M12: =G12-F12 -> 0.009999991
A13: 315 | B13: 25.350006 | C13: 25.5 | D13: =MAX(Underlying*EXP(-DividendYield*TimeToExpiration)-A13*EXP(-RiskFreeRate*TimeToExpiration), 0) -> 24.52466 | E13: =Underlying*EXP(-DividendYield*TimeToExpiration) -> 339.25 | F13: 0.86000001 | G13: 0.87 | H13: =MAX(A13*EXP(-RiskFreeRate*TimeToExpiration)-Underlying*EXP(-DividendYield*TimeToExpiration), 0) -> 0 | I13: =A13*EXP(-RiskFreeRate*TimeToExpiration) -> 314.72534 | J13: =AVERAGE(B13:C13) -> 25.425003 | K13: =AVERAGE(F13:G13) -> 0.86500001 | L13: =C13-B13 -> 0.1499939 | M13: =G13-F13 -> 0.009999991
A14: 317.5 | B14: 22.699997 | C14: 23.350006 | D14: =MAX(Underlying*EXP(-DividendYield*TimeToExpiration)-A14*EXP(-RiskFreeRate*TimeToExpiration), 0) -> 22.02684 | E14: =Underlying*EXP(-DividendYield*TimeToExpiration) -> 339.25 | F14: 1.0600004 | G14: 1.0799999 | H14: =MAX(A14*EXP(-RiskFreeRate*TimeToExpiration)-Underlying*EXP(-DividendYield*TimeToExpiration), 0) -> 0 | I14: =A14*EXP(-RiskFreeRate*TimeToExpiration) -> 317.22316 | J14: =AVERAGE(B14:C14) -> 23.025002 | K14: =AVERAGE(F14:G14) -> 1.0700002 | L14: =C14-B14 -> 0.65000915 | M14: =G14-F14 -> 0.019999504
A15: 320 | B15: 20.850006 | C15: 21 | D15: =MAX(Underlying*EXP(-DividendYield*TimeToExpiration)-A15*EXP(-RiskFreeRate*TimeToExpiration), 0) -> 19.529019 | E15: =Underlying*EXP(-DividendYield*TimeToExpiration) -> 339.25 | F15: 1.3100004 | G15: 1.3299999 | H15: =MAX(A15*EXP(-RiskFreeRate*TimeToExpiration)-Underlying*EXP(-DividendYield*TimeToExpiration), 0) -> 0 | I15: =A15*EXP(-RiskFreeRate*TimeToExpiration) -> 319.72098 | J15: =AVERAGE(B15:C15) -> 20.925003 | K15: =AVERAGE(F15:G15) -> 1.3200002 | L15: =C15-B15 -> 0.1499939 | M15: =G15-F15 -> 0.019999504
A16: 322.5 | B16: 18.699997 | C16: 19.199997 | D16: =MAX(Underlying*EXP(-DividendYield*TimeToExpiration)-A16*EXP(-RiskFreeRate*TimeToExpiration), 0) -> 17.031199 | E16: =Underlying*EXP(-DividendYield*TimeToExpiration) -> 339.25 | F16: 1.6499996 | G16: 1.6799994 | H16: =MAX(A16*EXP(-RiskFreeRate*TimeToExpiration)-Underlying*EXP(-DividendYield*TimeToExpiration), 0) -> 0 | I16: =A16*EXP(-RiskFreeRate*TimeToExpiration) -> 322.2188 | J16: =AVERAGE(B16:C16) -> 18.949997 | K16: =AVERAGE(F16:G16) -> 1.6649995 | L16: =C16-B16 -> 0.5 | M16: =G16-F16 -> 0.029999733
... A39: 380 | B39: 0.33000004 | C39: 0.35000002 | D39: =MAX(Underlying*EXP(-DividendYield*TimeToExpiration)-A39*EXP(-RiskFreeRate*TimeToExpiration), 0) -> 0 | E39: =Underlying*EXP(-DividendYield*TimeToExpiration) -> 339.25 | F39: 40.350006 | G39: 41 | H39: =MAX(A39*EXP(-RiskFreeRate*TimeToExpiration)-Underlying*EXP(-DividendYield*TimeToExpiration), 0) -> 40.418665 | I39: =A39*EXP(-RiskFreeRate*TimeToExpiration) -> 379.66866 | J39: =AVERAGE(B39:C39) -> 0.34000003 | K39: =AVERAGE(F39:G39) -> 40.675003 | L39: =C39-B39 -> 0.019999981 | M39: =G39-F39 -> 0.6499939

Sheet Option Param Details
A2: Underlying | B2: 339.25
A3: Interest rate | B3: 0.04362
A4: Div yield | B4: 0
A5: As Of | B5: 45898.488
A6: Expiration | B6: 45905.688
A7: Days To Expiration | B7: =B6-B5 -> 7.1993056
A8: Day Count Convention | B8: 360
A9: Years To Expiration | B9: =B7/B8 -> 0.019998071
A11: Max Vola In Solvers | B11: 3
A12: Min Vola In Solvers | B12: 0.001

Sheet Call Vola Solver
B1: Iteration | I1: 0 | O1: =1+I1 -> 1 | U1: =1+O1 -> 2 | AA1: =1+U1 -> 3 | AG1: =1+AA1 -> 4 | AM1: =1+AG1 -> 5 | AS1: =1+AM1 -> 6 | AY1: =1+AS1 -> 7 | BE1: =1+AY1 -> 8 | BK1: =1+BE1 -> 9 | BQ1: =1+BK1 -> 10 | BW1: =1+BQ1 -> 11 | CC1: =1+BW1 -> 12 | CI1: =1+CC1 -> 13 | CO1: =1+CI1 -> 14 | CU1: =1+CO1 -> 15 | DA1: =1+CU1 -> 16
B2: CallPut ξ | I2: 1 | K2: =I2 -> 1 | L2: =K2 -> 1 | N2: =L2 -> 1 | O2: =I2 -> 1 | Q2: =O2 -> 1 | R2: =Q2 -> 1 | T2: =R2 -> 1 | U2: =O2 -> 1 | W2: =U2 -> 1 | X2: =W2 -> 1 | Z2: =X2 -> 1 | AA2: =U2 -> 1 | AC2: =AA2 -> 1 | AD2: =AC2 -> 1 | AF2: =AD2 -> 1 | AG2: =AA2 -> 1 | AI2: =AG2 -> 1 | AJ2: =AI2 -> 1 | AL2: =AJ2 -> 1 | AM2: =AG2 -> 1 | AO2: =AM2 -> 1 | AP2: =AO2 -> 1 | AR2: =AP2 -> 1 | AS2: =AM2 -> 1 | AU2: =AS2 -> 1 | AV2: =AU2 -> 1 | AX2: 1 | AY2: =AS2 -> 1 | BA2: =AY2 -> 1 | BB2: =BA2 -> 1 | BD2: =BB2 -> 1 | BE2: =AY2 -> 1 | BG2: =BE2 -> 1 | BH2: =BG2 -> 1 | BJ2: =BH2 -> 1 | BK2: =BE2 -> 1 | BM2: =BK2 -> 1 | BN2: =BM2 -> 1 | BP2: =BN2 -> 1 | BQ2: =BK2 -> 1 | BS2: =BQ2 -> 1 | BT2: =BS2 -> 1 | BV2: =BT2 -> 1 | BW2: =BQ2 -> 1 | BY2: =BW2 -> 1 | BZ2: =BY2 -> 1 | CB2: =BZ2 -> 1 | CC2: =BW2 -> 1 | CE2: =CC2 -> 1 | CF2: =CE2 -> 1 | CH2: =CF2 -> 1 | CI2: =CC2 -> 1 | CK2: =CI2 -> 1 | CL2: =CK2 -> 1 | CN2: =CL2 -> 1 | CO2: =CI2 -> 1 | CQ2: =CO2 -> 1 | CR2: =CQ2 -> 1 | CT2: =CR2 -> 1 | CU2: =CO2 -> 1 | CW2: =CU2 -> 1 | CX2: =CW2 -> 1 | CZ2: =CX2 -> 1 | DA2: =CU2 -> 1 | DC2: =DA2 -> 1 | DD2: =DC2 -> 1 | DF2: =DD2 -> 1
A4: Strike | B4: Final Vola | C4: Final Price | D4: Abs Price Err | E4: Relative Price Err | F4: Price Err/Spread | G4: Target Price | H4: Strike | I4: Vola Low | J4: Vola High | K4: Price Low | L4: Price High | M4: Test Vola | N4: New Price | O4: Vola Low | P4: Vola High | Q4: Price Low | R4: Price High | S4: Test Vola | T4: New Price | U4: Vola Low | V4: Vola High | W4: Price Low | X4: Price High | Y4: Test Vola | Z4: New Price | AA4: Vola Low | AB4: Vola High | AC4: Price Low | AD4: Price High | AE4: Test Vola | AF4: New Price | AG4: Vola Low | AH4: Vola High | AI4: Price Low | AJ4: Price High | AK4: Test Vola | AL4: New Price | AM4: Vola Low | AN4: Vola High | AO4: Price Low | AP4: Price High | AQ4: Test Vola | AR4: New Price | AS4: Vola Low | AT4: Vola High | AU4: Price Low | AV4: Price High | AW4: Test Vola | AX4: New Price | AY4: Vola Low | AZ4: Vola High | BA4: Price Low | BB4: Price High | BC4: Test Vola | BD4: New Price | BE4: Vola Low | BF4: Vola High | BG4: Price Low | BH4: Price High | BI4: Test Vola | BJ4: New Price | BK4: Vola Low | BL4: Vola High | BM4: Price Low | BN4: Price High | BO4: Test Vola | BP4: New Price | BQ4: Vola Low | BR4: Vola High | BS4: Price Low | BT4: Price High | BU4: Test Vola | BV4: New Price | BW4: Vola Low | BX4: Vola High | BY4: Price Low | BZ4: Price High | CA4: Test Vola | CB4: New Price | CC4: Vola Low | CD4: Vola High | CE4: Price Low | CF4: Price High | CG4: Test Vola | CH4: New Price | CI4: Vola Low | CJ4: Vola High | CK4: Price Low | CL4: Price High | CM4: Test Vola | CN4: New Price | CO4: Vola Low | CP4: Vola High | CQ4: Price Low | CR4: Price High | CS4: Test Vola | CT4: New Price | CU4: Vola Low | CV4: Vola High | CW4: Price Low | CX4: Price High | CY4: Test Vola | CZ4: New Price | DA4: Vola Low | DB4: Vola High | DC4: Price Low | DD4: Price High | DE4: Test Vola | DF4: New Price
A5: ='Option Mkt Data'!A5 -> 295 | B5: =DE5 -> 0.60529832 | C5: =DF5 -> 45.074915 | D5: =ABS(C5-G5) -> 8.1879191e-05 | E5: =D5/G5 -> 1.8165102e-06 | F5: =D5/'Option Mkt Data'!L5 -> 0.00010917225 | G5: ='Option Mkt Data'!J5 -> 45.074997 | H5: ='Option Mkt Data'!A5 -> 295 | I5: =MinSolverVola -> 0.001 | J5: =MaxSolverVola -> 3 | K5: =K$2*(Underlying*EXP(-DividendYield*TimeToExpiration)*_xlfn.NORM.DIST(K$2*(LN(Underlying/$H5)+(RiskFreeRate-DividendYield+0.5*I5^2)*TimeToExpiration)/(I5*TimeToExpiration^0.5), 0, 1, TRUE) - $H5*EXP(-RiskFreeRate*TimeToExpiration)*_xlfn.NORM.DIST(K$2*(LN(Underlying/$H5)+(RiskFreeRate-DividendYield-0.5*I5^2)*TimeToExpiration)/(I5*TimeToExpiration^0.5), 0, 1, TRUE) ) -> 44.507221 | L5: =L$2*(Underlying*EXP(-DividendYield*TimeToExpiration)*_xlfn.NORM.DIST(L$2*(LN(Underlying/$H5)+(RiskFreeRate-DividendYield+0.5*J5^2)*TimeToExpiration)/(J5*TimeToExpiration^0.5), 0, 1, TRUE) - $H5*EXP(-RiskFreeRate*TimeToExpiration)*_xlfn.NORM.DIST(L$2*(LN(Underlying/$H5)+(RiskFreeRate-DividendYield-0.5*J5^2)*TimeToExpiration)/(J5*TimeToExpiration^0.5), 0, 1, TRUE) ) -> 78.355468 | M5: =(I5+J5)/2 -> 1.5005 | N5: =N$2*(Underlying*EXP(-DividendYield*TimeToExpiration)*_xlfn.NORM.DIST(N$2*(LN(Underlying/$H5)+(RiskFreeRate-DividendYield+0.5*M5^2)*TimeToExpiration)/(M5*TimeToExpiration^0.5), 0, 1, TRUE) - $H5*EXP(-RiskFreeRate*TimeToExpiration)*_xlfn.NORM.DIST(N$2*(LN(Underlying/$H5)+(RiskFreeRate-DividendYield-0.5*M5^2)*TimeToExpiration)/(M5*TimeToExpiration^0.5), 0, 1, TRUE) ) -> 54.681473 | O5: =IF(N5>$G5, I5, M5) -> 0.001 | P5: =IF(N5>$G5, M5, J5) -> 1.5005 | Q5: =Q$2*(Underlying*EXP(-DividendYield*TimeToExpiration)*_xlfn.NORM.DIST(Q$2*(LN(Underlying/$H5)+(RiskFreeRate-DividendYield+0.5*O5^2)*TimeToExpiration)/(O5*TimeToExpiration^0.5), 0, 1, TRUE) - $H5*EXP(-RiskFreeRate*TimeToExpiration)*_xlfn.NORM.DIST(Q$2*(LN(Underlying/$H5)+(RiskFreeRate-DividendYield-0.5*O5^2)*TimeToExpiration)/(O5*TimeToExpiration^0.5), 0, 1, TRUE)) -> 44.507221 | R5: =R$2*(Underlying*EXP(-DividendYield*TimeToExpiration)*_xlfn.NORM.DIST(R$2*(LN(Underlying/$H5)+(RiskFreeRate-DividendYield+0.5*P5^2)*TimeToExpiration)/(P5*TimeToExpiration^0.5), 0, 1, TRUE) - $H5*EXP(-RiskFreeRate*TimeToExpiration)*_xlfn.NORM.DIST(R$2*(LN(Underlying/$H5)+(RiskFreeRate-DividendYield-0.5*P5^2)*TimeToExpiration)/(P5*TimeToExpiration^0.5), 0, 1, TRUE) ) -> 54.681473 | S5: =(O5+P5)/2 -> 0.75075 | T5: =T$2*(Underlying*EXP(-DividendYield*TimeToExpiration)*_xlfn.NORM.DIST(T$2*(LN(Underlying/$H5)+(RiskFreeRate-DividendYield+0.5*S5^2)*TimeToExpiration)/(S5*TimeToExpiration^0.5), 0, 1, TRUE) - $H5*EXP(-RiskFreeRate*TimeToExpiration)*_xlfn.NORM.DIST(T$2*(LN(Underlying/$H5)+(RiskFreeRate-DividendYield-0.5*S5^2)*TimeToExpiration)/(S5*TimeToExpiration^0.5), 0, 1, TRUE) ) -> 45.955861 | U5: =IF(T5>$G5, O5, S5) -> 0.001 | V5: =IF(T5>$G5, S5, P5) -> 0.75075 | W5: =W$2*(Underlying*EXP(-DividendYield*TimeToExpiration)*_xlfn.NORM.DIST(W$2*(LN(Underlying/$H5)+(RiskFreeRate-DividendYield+0.5*U5^2)*TimeToExpiration)/(U5*TimeToExpiration^0.5), 0, 1, TRUE) - $H5*EXP(-RiskFreeRate*TimeToExpiration)*_xlfn.NORM.DIST(W$2*(LN(Underlying/$H5)+(RiskFreeRate-DividendYield-0.5*U5^2)*TimeToExpiration)/(U5*TimeToExpiration^0.5), 0, 1, TRUE) ) -> 44.507221 | X5: =X$2*(Underlying*EXP(-DividendYield*TimeToExpiration)*_xlfn.NORM.DIST(X$2*(LN(Underlying/$H5)+(RiskFreeRate-DividendYield+0.5*V5^2)*TimeToExpiration)/(V5*TimeToExpiration^0.5), 0, 1, TRUE) - $H5*EXP(-RiskFreeRate*TimeToExpiration)*_xlfn.NORM.DIST(X$2*(LN(Underlying/$H5)+(RiskFreeRate-DividendYield-0.5*V5^2)*TimeToExpiration)/(V5*TimeToExpiration^0.5), 0, 1, TRUE) ) -> 45.955861 | Y5: =(U5+V5)/2 -> 0.375875 | Z5: =Z$2*(Underlying*EXP(-DividendYield*TimeToExpiration)*_xlfn.NORM.DIST(Z$2*(LN(Underlying/$H5)+(RiskFreeRate-DividendYield+0.5*Y5^2)*TimeToExpiration)/(Y5*TimeToExpiration^0.5), 0, 1, TRUE) - $H5*EXP(-RiskFreeRate*TimeToExpiration)*_xlfn.NORM.DIST(Z$2*(LN(Underlying/$H5)+(RiskFreeRate-DividendYield-0.5*Y5^2)*TimeToExpiration)/(Y5*TimeToExpiration^0.5), 0, 1, TRUE) ) -> 44.528463 | AA5: =IF(Z5>$G5, U5, Y5) -> 0.375875 | AB5: =IF(Z5>$G5, Y5, V5) -> 0.75075 | AC5: =AC$2*(Underlying*EXP(-DividendYield*TimeToExpiration)*_xlfn.NORM.DIST(AC$2*(LN(Underlying/$H5)+(RiskFreeRate-DividendYield+0.5*AA5^2)*TimeToExpiration)/(AA5*TimeToExpiration^0.5), 0, 1, TRUE) - $H5*EXP(-RiskFreeRate*TimeToExpiration)*_xlfn.NORM.DIST(AC$2*(LN(Underlying/$H5)+(RiskFreeRate-DividendYield-0.5*AA5^2)*TimeToExpiration)/(AA5*TimeToExpiration^0.5), 0, 1, TRUE) ) -> 44.528463 | AD5: =AD$2*(Underlying*EXP(-DividendYield*TimeToExpiration)*_xlfn.NORM.DIST(AD$2*(LN(Underlying/$H5)+(RiskFreeRate-DividendYield+0.5*AB5^2)*TimeToExpiration)/(AB5*TimeToExpiration^0.5), 0, 1, TRUE) - $H5*EXP(-RiskFreeRate*TimeToExpiration)*_xlfn.NORM.DIST(AD$2*(LN(Underlying/$H5)+(RiskFreeRate-DividendYield-0.5*AB5^2)*TimeToExpiration)/(AB5*TimeToExpiration^0.5), 0, 1, TRUE) ) -> 45.955861 | AE5: =(AA5+AB5)/2 -> 0.5633125 | AF5: =AF$2*(Underlying*EXP(-DividendYield*TimeToExpiration)*_xlfn.NORM.DIST(AF$2*(LN(Underlying/$H5)+(RiskFreeRate-DividendYield+0.5*AE5^2)*TimeToExpiration)/(AE5*TimeToExpiration^0.5), 0, 1, TRUE) - $H5*EXP(-RiskFreeRate*TimeToExpiration)*_xlfn.NORM.DIST(AF$2*(LN(Underlying/$H5)+(RiskFreeRate-DividendYield-0.5*AE5^2)*TimeToExpiration)/(AE5*TimeToExpiration^0.5), 0, 1, TRUE) ) -> 44.899097 | AG5: =IF(AF5>$G5, AA5, AE5) -> 0.5633125 | AH5: =IF(AF5>$G5, AE5, AB5) -> 0.75075 | AI5: =AI$2*(Underlying*EXP(-DividendYield*TimeToExpiration)*_xlfn.NORM.DIST(AI$2*(LN(Underlying/$H5)+(RiskFreeRate-DividendYield+0.5*AG5^2)*TimeToExpiration)/(AG5*TimeToExpiration^0.5), 0, 1, TRUE) - $H5*EXP(-RiskFreeRate*TimeToExpiration)*_xlfn.NORM.DIST(AI$2*(LN(Underlying/$H5)+(RiskFreeRate-DividendYield-0.5*AG5^2)*TimeToExpiration)/(AG5*TimeToExpiration^0.5), 0, 1, TRUE) ) -> 44.899097 | AJ5: =AJ$2*(Underlying*EXP(-DividendYield*TimeToExpiration)*_xlfn.NORM.DIST(AJ$2*(LN(Underlying/$H5)+(RiskFreeRate-DividendYield+0.5*AH5^2)*TimeToExpiration)/(AH5*TimeToExpiration^0.5), 0, 1, TRUE) - $H5*EXP(-RiskFreeRate*TimeToExpiration)*_xlfn.NORM.DIST(AJ$2*(LN(Underlying/$H5)+(RiskFreeRate-DividendYield-0.5*AH5^2)*TimeToExpiration)/(AH5*TimeToExpiration^0.5), 0, 1, TRUE) ) -> 45.955861 | AK5: =(AG5+AH5)/2 -> 0.65703125 | AL5: =AL$2*(Underlying*EXP(-DividendYield*TimeToExpiration)*_xlfn.NORM.DIST(AL$2*(LN(Underlying/$H5)+(RiskFreeRate-DividendYield+0.5*AK5^2)*TimeToExpiration)/(AK5*TimeToExpiration^0.5), 0, 1, TRUE) - $H5*EXP(-RiskFreeRate*TimeToExpiration)*_xlfn.NORM.DIST(AL$2*(LN(Underlying/$H5)+(RiskFreeRate-DividendYield-0.5*AK5^2)*TimeToExpiration)/(AK5*TimeToExpiration^0.5), 0, 1, TRUE) ) -> 45.341276 | AM5: =IF(AL5>$G5, AG5, AK5) -> 0.5633125 | AN5: =IF(AL5>$G5, AK5, AH5) -> 0.65703125 | AO5: =AO$2*(Underlying*EXP(-DividendYield*TimeToExpiration)*_xlfn.NORM.DIST(AO$2*(LN(Underlying/$H5)+(RiskFreeRate-DividendYield+0.5*AM5^2)*TimeToExpiration)/(AM5*TimeToExpiration^0.5), 0, 1, TRUE) - $H5*EXP(-RiskFreeRate*TimeToExpiration)*_xlfn.NORM.DIST(AO$2*(LN(Underlying/$H5)+(RiskFreeRate-DividendYield-0.5*AM5^2)*TimeToExpiration)/(AM5*TimeToExpiration^0.5), 0, 1, TRUE) ) -> 44.899097 | AP5: =AP$2*(Underlying*EXP(-DividendYield*TimeToExpiration)*_xlfn.NORM.DIST(AP$2*(LN(Underlying/$H5)+(RiskFreeRate-DividendYield+0.5*AN5^2)*TimeToExpiration)/(AN5*TimeToExpiration^0.5), 0, 1, TRUE) - $H5*EXP(-RiskFreeRate*TimeToExpiration)*_xlfn.NORM.DIST(AP$2*(LN(Underlying/$H5)+(RiskFreeRate-DividendYield-0.5*AN5^2)*TimeToExpiration)/(AN5*TimeToExpiration^0.5), 0, 1, TRUE) ) -> 45.341276 | AQ5: =(AM5+AN5)/2 -> 0.61017188 | AR5: =AR$2*(Underlying*EXP(-DividendYield*TimeToExpiration)*_xlfn.NORM.DIST(AR$2*(LN(Underlying/$H5)+(RiskFreeRate-DividendYield+0.5*AQ5^2)*TimeToExpiration)/(AQ5*TimeToExpiration^0.5), 0, 1, TRUE) - $H5*EXP(-RiskFreeRate*TimeToExpiration)*_xlfn.NORM.DIST(AR$2*(LN(Underlying/$H5)+(RiskFreeRate-DividendYield-0.5*AQ5^2)*TimeToExpiration)/(AQ5*TimeToExpiration^0.5), 0, 1, TRUE) ) -> 45.097685 | AS5: =IF(AR5>$G5, AM5, AQ5) -> 0.5633125 | AT5: =IF(AR5>$G5, AQ5, AN5) -> 0.61017188 | AU5: =AU$2*(Underlying*EXP(-DividendYield*TimeToExpiration)*_xlfn.NORM.DIST(AU$2*(LN(Underlying/$H5)+(RiskFreeRate-DividendYield+0.5*AS5^2)*TimeToExpiration)/(AS5*TimeToExpiration^0.5), 0, 1, TRUE) - $H5*EXP(-RiskFreeRate*TimeToExpiration)*_xlfn.NORM.DIST(AU$2*(LN(Underlying/$H5)+(RiskFreeRate-DividendYield-0.5*AS5^2)*TimeToExpiration)/(AS5*TimeToExpiration^0.5), 0, 1, TRUE) ) -> 44.899097 | AV5: =AV$2*(Underlying*EXP(-DividendYield*TimeToExpiration)*_xlfn.NORM.DIST(AV$2*(LN(Underlying/$H5)+(RiskFreeRate-DividendYield+0.5*AT5^2)*TimeToExpiration)/(AT5*TimeToExpiration^0.5), 0, 1, TRUE) - $H5*EXP(-RiskFreeRate*TimeToExpiration)*_xlfn.NORM.DIST(AV$2*(LN(Underlying/$H5)+(RiskFreeRate-DividendYield-0.5*AT5^2)*TimeToExpiration)/(AT5*TimeToExpiration^0.5), 0, 1, TRUE) ) -> 45.097685 | AW5: =(AS5+AT5)/2 -> 0.58674219 | AX5: =AX$2*(Underlying*EXP(-DividendYield*TimeToExpiration)*_xlfn.NORM.DIST(AX$2*(LN(Underlying/$H5)+(RiskFreeRate-DividendYield+0.5*AW5^2)*TimeToExpiration)/(AW5*TimeToExpiration^0.5), 0, 1, TRUE) - $H5*EXP(-RiskFreeRate*TimeToExpiration)*_xlfn.NORM.DIST(AX$2*(LN(Underlying/$H5)+(RiskFreeRate-DividendYield-0.5*AW5^2)*TimeToExpiration)/(AW5*TimeToExpiration^0.5), 0, 1, TRUE) ) -> 44.992703 | AY5: =IF(AX5>$G5, AS5, AW5) -> 0.58674219 | AZ5: =IF(AX5>$G5, AW5, AT5) -> 0.61017188 | BA5: =BA$2*(Underlying*EXP(-DividendYield*TimeToExpiration)*_xlfn.NORM.DIST(BA$2*(LN(Underlying/$H5)+(RiskFreeRate-DividendYield+0.5*AY5^2)*TimeToExpiration)/(AY5*TimeToExpiration^0.5), 0, 1, TRUE) - $H5*EXP(-RiskFreeRate*TimeToExpiration)*_xlfn.NORM.DIST(BA$2*(LN(Underlying/$H5)+(RiskFreeRate-DividendYield-0.5*AY5^2)*TimeToExpiration)/(AY5*TimeToExpiration^0.5), 0, 1, TRUE) ) -> 44.992703 | BB5: =BB$2*(Underlying*EXP(-DividendYield*TimeToExpiration)*_xlfn.NORM.DIST(BB$2*(LN(Underlying/$H5)+(RiskFreeRate-DividendYield+0.5*AZ5^2)*TimeToExpiration)/(AZ5*TimeToExpiration^0.5), 0, 1, TRUE) - $H5*EXP(-RiskFreeRate*TimeToExpiration)*_xlfn.NORM.DIST(BB$2*(LN(Underlying/$H5)+(RiskFreeRate-DividendYield-0.5*AZ5^2)*TimeToExpiration)/(AZ5*TimeToExpiration^0.5), 0, 1, TRUE) ) -> 45.097685 | BC5: =(AY5+AZ5)/2 -> 0.59845703 | BD5: =BD$2*(Underlying*EXP(-DividendYield*TimeToExpiration)*_xlfn.NORM.DIST(BD$2*(LN(Underlying/$H5)+(RiskFreeRate-DividendYield+0.5*BC5^2)*TimeToExpiration)/(BC5*TimeToExpiration^0.5), 0, 1, TRUE) - $H5*EXP(-RiskFreeRate*TimeToExpiration)*_xlfn.NORM.DIST(BD$2*(LN(Underlying/$H5)+(RiskFreeRate-DividendYield-0.5*BC5^2)*TimeToExpiration)/(BC5*TimeToExpiration^0.5), 0, 1, TRUE) ) -> 45.043777 | BE5: =IF(BD5>$G5, AY5, BC5) -> 0.59845703 | BF5: =IF(BD5>$G5, BC5, AZ5) -> 0.61017188 | BG5: =BG$2*(Underlying*EXP(-DividendYield*TimeToExpiration)*_xlfn.NORM.DIST(BG$2*(LN(Underlying/$H5)+(RiskFreeRate-DividendYield+0.5*BE5^2)*TimeToExpiration)/(BE5*TimeToExpiration^0.5), 0, 1, TRUE) - $H5*EXP(-RiskFreeRate*TimeToExpiration)*_xlfn.NORM.DIST(BG$2*(LN(Underlying/$H5)+(RiskFreeRate-DividendYield-0.5*BE5^2)*TimeToExpiration)/(BE5*TimeToExpiration^0.5), 0, 1, TRUE) ) -> 45.043777 | BH5: =BH$2*(Underlying*EXP(-DividendYield*TimeToExpiration)*_xlfn.NORM.DIST(BH$2*(LN(Underlying/$H5)+(RiskFreeRate-DividendYield+0.5*BF5^2)*TimeToExpiration)/(BF5*TimeToExpiration^0.5), 0, 1, TRUE) - $H5*EXP(-RiskFreeRate*TimeToExpiration)*_xlfn.NORM.DIST(BH$2*(LN(Underlying/$H5)+(RiskFreeRate-DividendYield-0.5*BF5^2)*TimeToExpiration)/(BF5*TimeToExpiration^0.5), 0, 1, TRUE) ) -> 45.097685 | BI5: =(BE5+BF5)/2 -> 0.60431445 | BJ5: =BJ$2*(Underlying*EXP(-DividendYield*TimeToExpiration)*_xlfn.NORM.DIST(BJ$2*(LN(Underlying/$H5)+(RiskFreeRate-DividendYield+0.5*BI5^2)*TimeToExpiration)/(BI5*TimeToExpiration^0.5), 0, 1, TRUE) - $H5*EXP(-RiskFreeRate*TimeToExpiration)*_xlfn.NORM.DIST(BJ$2*(LN(Underlying/$H5)+(RiskFreeRate-DividendYield-0.5*BI5^2)*TimeToExpiration)/(BI5*TimeToExpiration^0.5), 0, 1, TRUE) ) -> 45.070378 | BK5: =IF(BJ5>$G5, BE5, BI5) -> 0.60431445 | BL5: =IF(BJ5>$G5, BI5, BF5) -> 0.61017188 | BM5: =BM$2*(Underlying*EXP(-DividendYield*TimeToExpiration)*_xlfn.NORM.DIST(BM$2*(LN(Underlying/$H5)+(RiskFreeRate-DividendYield+0.5*BK5^2)*TimeToExpiration)/(BK5*TimeToExpiration^0.5), 0, 1, TRUE) - $H5*EXP(-RiskFreeRate*TimeToExpiration)*_xlfn.NORM.DIST(BM$2*(LN(Underlying/$H5)+(RiskFreeRate-DividendYield-0.5*BK5^2)*TimeToExpiration)/(BK5*TimeToExpiration^0.5), 0, 1, TRUE) ) -> 45.070378 | BN5: =BN$2*(Underlying*EXP(-DividendYield*TimeToExpiration)*_xlfn.NORM.DIST(BN$2*(LN(Underlying/$H5)+(RiskFreeRate-DividendYield+0.5*BL5^2)*TimeToExpiration)/(BL5*TimeToExpiration^0.5), 0, 1, TRUE) - $H5*EXP(-RiskFreeRate*TimeToExpiration)*_xlfn.NORM.DIST(BN$2*(LN(Underlying/$H5)+(RiskFreeRate-DividendYield-0.5*BL5^2)*TimeToExpiration)/(BL5*TimeToExpiration^0.5), 0, 1, TRUE) ) -> 45.097685 | BO5: =(BK5+BL5)/2 -> 0.60724316 | BP5: =BP$2*(Underlying*EXP(-DividendYield*TimeToExpiration)*_xlfn.NORM.DIST(BP$2*(LN(Underlying/$H5)+(RiskFreeRate-DividendYield+0.5*BO5^2)*TimeToExpiration)/(BO5*TimeToExpiration^0.5), 0, 1, TRUE) - $H5*EXP(-RiskFreeRate*TimeToExpiration)*_xlfn.NORM.DIST(BP$2*(LN(Underlying/$H5)+(RiskFreeRate-DividendYield-0.5*BO5^2)*TimeToExpiration)/(BO5*TimeToExpiration^0.5), 0, 1, TRUE) ) -> 45.083943 | BQ5: =IF(BP5>$G5, BK5, BO5) -> 0.60431445 | BR5: =IF(BP5>$G5, BO5, BL5) -> 0.60724316 | BS5: =BS$2*(Underlying*EXP(-DividendYield*TimeToExpiration)*_xlfn.NORM.DIST(BS$2*(LN(Underlying/$H5)+(RiskFreeRate-DividendYield+0.5*BQ5^2)*TimeToExpiration)/(BQ5*TimeToExpiration^0.5), 0, 1, TRUE) - $H5*EXP(-RiskFreeRate*TimeToExpiration)*_xlfn.NORM.DIST(BS$2*(LN(Underlying/$H5)+(RiskFreeRate-DividendYield-0.5*BQ5^2)*TimeToExpiration)/(BQ5*TimeToExpiration^0.5), 0, 1, TRUE) ) -> 45.070378 | BT5: =BT$2*(Underlying*EXP(-DividendYield*TimeToExpiration)*_xlfn.NORM.DIST(BT$2*(LN(Underlying/$H5)+(RiskFreeRate-DividendYield+0.5*BR5^2)*TimeToExpiration)/(BR5*TimeToExpiration^0.5), 0, 1, TRUE) - $H5*EXP(-RiskFreeRate*TimeToExpiration)*_xlfn.NORM.DIST(BT$2*(LN(Underlying/$H5)+(RiskFreeRate-DividendYield-0.5*BR5^2)*TimeToExpiration)/(BR5*TimeToExpiration^0.5), 0, 1, TRUE) ) -> 45.083943 | BU5: =(BQ5+BR5)/2 -> 0.60577881 | BV5: =BV$2*(Underlying*EXP(-DividendYield*TimeToExpiration)*_xlfn.NORM.DIST(BV$2*(LN(Underlying/$H5)+(RiskFreeRate-DividendYield+0.5*BU5^2)*TimeToExpiration)/(BU5*TimeToExpiration^0.5), 0, 1, TRUE) - $H5*EXP(-RiskFreeRate*TimeToExpiration)*_xlfn.NORM.DIST(BV$2*(LN(Underlying/$H5)+(RiskFreeRate-DividendYield-0.5*BU5^2)*TimeToExpiration)/(BU5*TimeToExpiration^0.5), 0, 1, TRUE) ) -> 45.077138 | BW5: =IF(BV5>$G5, BQ5, BU5) -> 0.60431445 | BX5: =IF(BV5>$G5, BU5, BR5) -> 0.60577881 | BY5: =BY$2*(Underlying*EXP(-DividendYield*TimeToExpiration)*_xlfn.NORM.DIST(BY$2*(LN(Underlying/$H5)+(RiskFreeRate-DividendYield+0.5*BW5^2)*TimeToExpiration)/(BW5*TimeToExpiration^0.5), 0, 1, TRUE) - $H5*EXP(-RiskFreeRate*TimeToExpiration)*_xlfn.NORM.DIST(BY$2*(LN(Underlying/$H5)+(RiskFreeRate-DividendYield-0.5*BW5^2)*TimeToExpiration)/(BW5*TimeToExpiration^0.5), 0, 1, TRUE) ) -> 45.070378 | BZ5: =BZ$2*(Underlying*EXP(-DividendYield*TimeToExpiration)*_xlfn.NORM.DIST(BZ$2*(LN(Underlying/$H5)+(RiskFreeRate-DividendYield+0.5*BX5^2)*TimeToExpiration)/(BX5*TimeToExpiration^0.5), 0, 1, TRUE) - $H5*EXP(-RiskFreeRate*TimeToExpiration)*_xlfn.NORM.DIST(BZ$2*(LN(Underlying/$H5)+(RiskFreeRate-DividendYield-0.5*BX5^2)*TimeToExpiration)/(BX5*TimeToExpiration^0.5), 0, 1, TRUE) ) -> 45.077138 | CA5: =(BW5+BX5)/2 -> 0.60504663 | CB5: =CB$2*(Underlying*EXP(-DividendYield*TimeToExpiration)*_xlfn.NORM.DIST(CB$2*(LN(Underlying/$H5)+(RiskFreeRate-DividendYield+0.5*CA5^2)*TimeToExpiration)/(CA5*TimeToExpiration^0.5), 0, 1, TRUE) - $H5*EXP(-RiskFreeRate*TimeToExpiration)*_xlfn.NORM.DIST(CB$2*(LN(Underlying/$H5)+(RiskFreeRate-DividendYield-0.5*CA5^2)*TimeToExpiration)/(CA5*TimeToExpiration^0.5), 0, 1, TRUE) ) -> 45.073752 | CC5: =IF(CB5>$G5, BW5, CA5) -> 0.60504663 | CD5: =IF(CB5>$G5, CA5, BX5) -> 0.60577881 | CE5: =CE$2*(Underlying*EXP(-DividendYield*TimeToExpiration)*_xlfn.NORM.DIST(CE$2*(LN(Underlying/$H5)+(RiskFreeRate-DividendYield+0.5*CC5^2)*TimeToExpiration)/(CC5*TimeToExpiration^0.5), 0, 1, TRUE) - $H5*EXP(-RiskFreeRate*TimeToExpiration)*_xlfn.NORM.DIST(CE$2*(LN(Underlying/$H5)+(RiskFreeRate-DividendYield-0.5*CC5^2)*TimeToExpiration)/(CC5*TimeToExpiration^0.5), 0, 1, TRUE) ) -> 45.073752 | CF5: =CF$2*(Underlying*EXP(-DividendYield*TimeToExpiration)*_xlfn.NORM.DIST(CF$2*(LN(Underlying/$H5)+(RiskFreeRate-DividendYield+0.5*CD5^2)*TimeToExpiration)/(CD5*TimeToExpiration^0.5), 0, 1, TRUE) - $H5*EXP(-RiskFreeRate*TimeToExpiration)*_xlfn.NORM.DIST(CF$2*(LN(Underlying/$H5)+(RiskFreeRate-DividendYield-0.5*CD5^2)*TimeToExpiration)/(CD5*TimeToExpiration^0.5), 0, 1, TRUE) ) -> 45.077138 | CG5: =(CC5+CD5)/2 -> 0.60541272 | CH5: =CH$2*(Underlying*EXP(-DividendYield*TimeToExpiration)*_xlfn.NORM.DIST(CH$2*(LN(Underlying/$H5)+(RiskFreeRate-DividendYield+0.5*CG5^2)*TimeToExpiration)/(CG5*TimeToExpiration^0.5), 0, 1, TRUE) - $H5*EXP(-RiskFreeRate*TimeToExpiration)*_xlfn.NORM.DIST(CH$2*(LN(Underlying/$H5)+(RiskFreeRate-DividendYield-0.5*CG5^2)*TimeToExpiration)/(CG5*TimeToExpiration^0.5), 0, 1, TRUE) ) -> 45.075444 | CI5: =IF(CH5>$G5, CC5, CG5) -> 0.60504663 | CJ5: =IF(CH5>$G5, CG5, CD5) -> 0.60541272 | CK5: =CK$2*(Underlying*EXP(-DividendYield*TimeToExpiration)*_xlfn.NORM.DIST(CK$2*(LN(Underlying/$H5)+(RiskFreeRate-DividendYield+0.5*CI5^2)*TimeToExpiration)/(CI5*TimeToExpiration^0.5), 0, 1, TRUE) - $H5*EXP(-RiskFreeRate*TimeToExpiration)*_xlfn.NORM.DIST(CK$2*(LN(Underlying/$H5)+(RiskFreeRate-DividendYield-0.5*CI5^2)*TimeToExpiration)/(CI5*TimeToExpiration^0.5), 0, 1, TRUE) ) -> 45.073752 | CL5: =CL$2*(Underlying*EXP(-DividendYield*TimeToExpiration)*_xlfn.NORM.DIST(CL$2*(LN(Underlying/$H5)+(RiskFreeRate-DividendYield+0.5*CJ5^2)*TimeToExpiration)/(CJ5*TimeToExpiration^0.5), 0, 1, TRUE) - $H5*EXP(-RiskFreeRate*TimeToExpiration)*_xlfn.NORM.DIST(CL$2*(LN(Underlying/$H5)+(RiskFreeRate-DividendYield-0.5*CJ5^2)*TimeToExpiration)/(CJ5*TimeToExpiration^0.5), 0, 1, TRUE) ) -> 45.075444 | CM5: =(CI5+CJ5)/2 -> 0.60522968 | CN5: =CN$2*(Underlying*EXP(-DividendYield*TimeToExpiration)*_xlfn.NORM.DIST(CN$2*(LN(Underlying/$H5)+(RiskFreeRate-DividendYield+0.5*CM5^2)*TimeToExpiration)/(CM5*TimeToExpiration^0.5), 0, 1, TRUE) - $H5*EXP(-RiskFreeRate*TimeToExpiration)*_xlfn.NORM.DIST(CN$2*(LN(Underlying/$H5)+(RiskFreeRate-DividendYield-0.5*CM5^2)*TimeToExpiration)/(CM5*TimeToExpiration^0.5), 0, 1, TRUE) ) -> 45.074598 | CO5: =IF(CN5>$G5, CI5, CM5) -> 0.60522968 | CP5: =IF(CN5>$G5, CM5, CJ5) -> 0.60541272 | CQ5: =CQ$2*(Underlying*EXP(-DividendYield*TimeToExpiration)*_xlfn.NORM.DIST(CQ$2*(LN(Underlying/$H5)+(RiskFreeRate-DividendYield+0.5*CO5^2)*TimeToExpiration)/(CO5*TimeToExpiration^0.5), 0, 1, TRUE) - $H5*EXP(-RiskFreeRate*TimeToExpiration)*_xlfn.NORM.DIST(CQ$2*(LN(Underlying/$H5)+(RiskFreeRate-DividendYield-0.5*CO5^2)*TimeToExpiration)/(CO5*TimeToExpiration^0.5), 0, 1, TRUE) ) -> 45.074598 | CR5: =CR$2*(Underlying*EXP(-DividendYield*TimeToExpiration)*_xlfn.NORM.DIST(CR$2*(LN(Underlying/$H5)+(RiskFreeRate-DividendYield+0.5*CP5^2)*TimeToExpiration)/(CP5*TimeToExpiration^0.5), 0, 1, TRUE) - $H5*EXP(-RiskFreeRate*TimeToExpiration)*_xlfn.NORM.DIST(CR$2*(LN(Underlying/$H5)+(RiskFreeRate-DividendYield-0.5*CP5^2)*TimeToExpiration)/(CP5*TimeToExpiration^0.5), 0, 1, TRUE) ) -> 45.075444 | CS5: =(CO5+CP5)/2 -> 0.6053212 | CT5: =CT$2*(Underlying*EXP(-DividendYield*TimeToExpiration)*_xlfn.NORM.DIST(CT$2*(LN(Underlying/$H5)+(RiskFreeRate-DividendYield+0.5*CS5^2)*TimeToExpiration)/(CS5*TimeToExpiration^0.5), 0, 1, TRUE) - $H5*EXP(-RiskFreeRate*TimeToExpiration)*_xlfn.NORM.DIST(CT$2*(LN(Underlying/$H5)+(RiskFreeRate-DividendYield-0.5*CS5^2)*TimeToExpiration)/(CS5*TimeToExpiration^0.5), 0, 1, TRUE) ) -> 45.075021 | CU5: =IF(CT5>$G5, CO5, CS5) -> 0.60522968 | CV5: =IF(CT5>$G5, CS5, CP5) -> 0.6053212 | CW5: =CW$2*(Underlying*EXP(-DividendYield*TimeToExpiration)*_xlfn.NORM.DIST(CW$2*(LN(Underlying/$H5)+(RiskFreeRate-DividendYield+0.5*CU5^2)*TimeToExpiration)/(CU5*TimeToExpiration^0.5), 0, 1, TRUE) - $H5*EXP(-RiskFreeRate*TimeToExpiration)*_xlfn.NORM.DIST(CW$2*(LN(Underlying/$H5)+(RiskFreeRate-DividendYield-0.5*CU5^2)*TimeToExpiration)/(CU5*TimeToExpiration^0.5), 0, 1, TRUE) ) -> 45.074598 | CX5: =CX$2*(Underlying*EXP(-DividendYield*TimeToExpiration)*_xlfn.NORM.DIST(CX$2*(LN(Underlying/$H5)+(RiskFreeRate-DividendYield+0.5*CV5^2)*TimeToExpiration)/(CV5*TimeToExpiration^0.5), 0, 1, TRUE) - $H5*EXP(-RiskFreeRate*TimeToExpiration)*_xlfn.NORM.DIST(CX$2*(LN(Underlying/$H5)+(RiskFreeRate-DividendYield-0.5*CV5^2)*TimeToExpiration)/(CV5*TimeToExpiration^0.5), 0, 1, TRUE) ) -> 45.075021 | CY5: =(CU5+CV5)/2 -> 0.60527544 | CZ5: =CZ$2*(Underlying*EXP(-DividendYield*TimeToExpiration)*_xlfn.NORM.DIST(CZ$2*(LN(Underlying/$H5)+(RiskFreeRate-DividendYield+0.5*CY5^2)*TimeToExpiration)/(CY5*TimeToExpiration^0.5), 0, 1, TRUE) - $H5*EXP(-RiskFreeRate*TimeToExpiration)*_xlfn.NORM.DIST(CZ$2*(LN(Underlying/$H5)+(RiskFreeRate-DividendYield-0.5*CY5^2)*TimeToExpiration)/(CY5*TimeToExpiration^0.5), 0, 1, TRUE) ) -> 45.074809 | DA5: =IF(CZ5>$G5, CU5, CY5) -> 0.60527544 | DB5: =IF(CZ5>$G5, CY5, CV5) -> 0.6053212 | DC5: =DC$2*(Underlying*EXP(-DividendYield*TimeToExpiration)*_xlfn.NORM.DIST(DC$2*(LN(Underlying/$H5)+(RiskFreeRate-DividendYield+0.5*DA5^2)*TimeToExpiration)/(DA5*TimeToExpiration^0.5), 0, 1, TRUE) - $H5*EXP(-RiskFreeRate*TimeToExpiration)*_xlfn.NORM.DIST(DC$2*(LN(Underlying/$H5)+(RiskFreeRate-DividendYield-0.5*DA5^2)*TimeToExpiration)/(DA5*TimeToExpiration^0.5), 0, 1, TRUE) ) -> 45.074809 | DD5: =DD$2*(Underlying*EXP(-DividendYield*TimeToExpiration)*_xlfn.NORM.DIST(DD$2*(LN(Underlying/$H5)+(RiskFreeRate-DividendYield+0.5*DB5^2)*TimeToExpiration)/(DB5*TimeToExpiration^0.5), 0, 1, TRUE) - $H5*EXP(-RiskFreeRate*TimeToExpiration)*_xlfn.NORM.DIST(DD$2*(LN(Underlying/$H5)+(RiskFreeRate-DividendYield-0.5*DB5^2)*TimeToExpiration)/(DB5*TimeToExpiration^0.5), 0, 1, TRUE) ) -> 45.075021 | DE5: =(DA5+DB5)/2 -> 0.60529832 | DF5: =DF$2*(Underlying*EXP(-DividendYield*TimeToExpiration)*_xlfn.NORM.DIST(DF$2*(LN(Underlying/$H5)+(RiskFreeRate-DividendYield+0.5*DE5^2)*TimeToExpiration)/(DE5*TimeToExpiration^0.5), 0, 1, TRUE) - $H5*EXP(-RiskFreeRate*TimeToExpiration)*_xlfn.NORM.DIST(DF$2*(LN(Underlying/$H5)+(RiskFreeRate-DividendYield-0.5*DE5^2)*TimeToExpiration)/(DE5*TimeToExpiration^0.5), 0, 1, TRUE) ) -> 45.074915
A6: ='Option Mkt Data'!A6 -> 297.5 | B6: =DE6 -> 0.0010228806 | C6: =DF6 -> 42.009401 | D6: =ABS(C6-G6) -> 0.20939776 | E6: =D6/G6 -> 0.0050095153 | F6: =D6/'Option Mkt Data'!L6 -> 0.065436549 | G6: ='Option Mkt Data'!J6 -> 41.800003 | H6: ='Option Mkt Data'!A6 -> 297.5 | I6: =MinSolverVola -> 0.001 | J6: =MaxSolverVola -> 3 | K6: =K$2*(Underlying*EXP(-DividendYield*TimeToExpiration)*_xlfn.NORM.DIST(K$2*(LN(Underlying/$H6)+(RiskFreeRate-DividendYield+0.5*I6^2)*TimeToExpiration)/(I6*TimeToExpiration^0.5), 0, 1, TRUE) - $H6*EXP(-RiskFreeRate*TimeToExpiration)*_xlfn.NORM.DIST(K$2*(LN(Underlying/$H6)+(RiskFreeRate-DividendYield-0.5*I6^2)*TimeToExpiration)/(I6*TimeToExpiration^0.5), 0, 1, TRUE) ) -> 42.009401 | L6: =L$2*(Underlying*EXP(-DividendYield*TimeToExpiration)*_xlfn.NORM.DIST(L$2*(LN(Underlying/$H6)+(RiskFreeRate-DividendYield+0.5*J6^2)*TimeToExpiration)/(J6*TimeToExpiration^0.5), 0, 1, TRUE) - $H6*EXP(-RiskFreeRate*TimeToExpiration)*_xlfn.NORM.DIST(L$2*(LN(Underlying/$H6)+(RiskFreeRate-DividendYield-0.5*J6^2)*TimeToExpiration)/(J6*TimeToExpiration^0.5), 0, 1, TRUE) ) -> 76.997749 | M6: =(I6+J6)/2 -> 1.5005 | N6: =N$2*(Underlying*EXP(-DividendYield*TimeToExpiration)*_xlfn.NORM.DIST(N$2*(LN(Underlying/$H6)+(RiskFreeRate-DividendYield+0.5*M6^2)*TimeToExpiration)/(M6*TimeToExpiration^0.5), 0, 1, TRUE) - $H6*EXP(-RiskFreeRate*TimeToExpiration)*_xlfn.NORM.DIST(N$2*(LN(Underlying/$H6)+(RiskFreeRate-DividendYield-0.5*M6^2)*TimeToExpiration)/(M6*TimeToExpiration^0.5), 0, 1, TRUE) ) -> 52.922332 | O6: =IF(N6>$G6, I6, M6) -> 0.001 | P6: =IF(N6>$G6, M6, J6) -> 1.5005 | Q6: =Q$2*(Underlying*EXP(-DividendYield*TimeToExpiration)*_xlfn.NORM.DIST(Q$2*(LN(Underlying/$H6)+(RiskFreeRate-DividendYield+0.5*O6^2)*TimeToExpiration)/(O6*TimeToExpiration^0.5), 0, 1, TRUE) - $H6*EXP(-RiskFreeRate*TimeToExpiration)*_xlfn.NORM.DIST(Q$2*(LN(Underlying/$H6)+(RiskFreeRate-DividendYield-0.5*O6^2)*TimeToExpiration)/(O6*TimeToExpiration^0.5), 0, 1, TRUE)) -> 42.009401 | R6: =R$2*(Underlying*EXP(-DividendYield*TimeToExpiration)*_xlfn.NORM.DIST(R$2*(LN(Underlying/$H6)+(RiskFreeRate-DividendYield+0.5*P6^2)*TimeToExpiration)/(P6*TimeToExpiration^0.5), 0, 1, TRUE) - $H6*EXP(-RiskFreeRate*TimeToExpiration)*_xlfn.NORM.DIST(R$2*(LN(Underlying/$H6)+(RiskFreeRate-DividendYield-0.5*P6^2)*TimeToExpiration)/(P6*TimeToExpiration^0.5), 0, 1, TRUE) ) -> 52.922332 | S6: =(O6+P6)/2 -> 0.75075 | T6: =T$2*(Underlying*EXP(-DividendYield*TimeToExpiration)*_xlfn.NORM.DIST(T$2*(LN(Underlying/$H6)+(RiskFreeRate-DividendYield+0.5*S6^2)*TimeToExpiration)/(S6*TimeToExpiration^0.5), 0, 1, TRUE) - $H6*EXP(-RiskFreeRate*TimeToExpiration)*_xlfn.NORM.DIST(T$2*(LN(Underlying/$H6)+(RiskFreeRate-DividendYield-0.5*S6^2)*TimeToExpiration)/(S6*TimeToExpiration^0.5), 0, 1, TRUE) ) -> 43.730499 | U6: =IF(T6>$G6, O6, S6) -> 0.001 | V6: =IF(T6>$G6, S6, P6) -> 0.75075 | W6: =W$2*(Underlying*EXP(-DividendYield*TimeToExpiration)*_xlfn.NORM.DIST(W$2*(LN(Underlying/$H6)+(RiskFreeRate-DividendYield+0.5*U6^2)*TimeToExpiration)/(U6*TimeToExpiration^0.5), 0, 1, TRUE) - $H6*EXP(-RiskFreeRate*TimeToExpiration)*_xlfn.NORM.DIST(W$2*(LN(Underlying/$H6)+(RiskFreeRate-DividendYield-0.5*U6^2)*TimeToExpiration)/(U6*TimeToExpiration^0.5), 0, 1, TRUE) ) -> 42.009401 | X6: =X$2*(Underlying*EXP(-DividendYield*TimeToExpiration)*_xlfn.NORM.DIST(X$2*(LN(Underlying/$H6)+(RiskFreeRate-DividendYield+0.5*V6^2)*TimeToExpiration)/(V6*TimeToExpiration^0.5), 0, 1, TRUE) - $H6*EXP(-RiskFreeRate*TimeToExpiration)*_xlfn.NORM.DIST(X$2*(LN(Underlying/$H6)+(RiskFreeRate-DividendYield-0.5*V6^2)*TimeToExpiration)/(V6*TimeToExpiration^0.5), 0, 1, TRUE) ) -> 43.730499 | Y6: =(U6+V6)/2 -> 0.375875 | Z6: =Z$2*(Underlying*EXP(-DividendYield*TimeToExpiration)*_xlfn.NORM.DIST(Z$2*(LN(Underlying/$H6)+(RiskFreeRate-DividendYield+0.5*Y6^2)*TimeToExpiration)/(Y6*TimeToExpiration^0.5), 0, 1, TRUE) - $H6*EXP(-RiskFreeRate*TimeToExpiration)*_xlfn.NORM.DIST(Z$2*(LN(Underlying/$H6)+(RiskFreeRate-DividendYield-0.5*Y6^2)*TimeToExpiration)/(Y6*TimeToExpiration^0.5), 0, 1, TRUE) ) -> 42.044605 | AA6: =IF(Z6>$G6, U6, Y6) -> 0.001 | AB6: =IF(Z6>$G6, Y6, V6) -> 0.375875 | AC6: =AC$2*(Underlying*EXP(-DividendYield*TimeToExpiration)*_xlfn.NORM.DIST(AC$2*(LN(Underlying/$H6)+(RiskFreeRate-DividendYield+0.5*AA6^2)*TimeToExpiration)/(AA6*TimeToExpiration^0.5), 0, 1, TRUE) - $H6*EXP(-RiskFreeRate*TimeToExpiration)*_xlfn.NORM.DIST(AC$2*(LN(Underlying/$H6)+(RiskFreeRate-DividendYield-0.5*AA6^2)*TimeToExpiration)/(AA6*TimeToExpiration^0.5), 0, 1, TRUE) ) -> 42.009401 | AD6: =AD$2*(Underlying*EXP(-DividendYield*TimeToExpiration)*_xlfn.NORM.DIST(AD$2*(LN(Underlying/$H6)+(RiskFreeRate-DividendYield+0.5*AB6^2)*TimeToExpiration)/(AB6*TimeToExpiration^0.5), 0, 1, TRUE) - $H6*EXP(-RiskFreeRate*TimeToExpiration)*_xlfn.NORM.DIST(AD$2*(LN(Underlying/$H6)+(RiskFreeRate-DividendYield-0.5*AB6^2)*TimeToExpiration)/(AB6*TimeToExpiration^0.5), 0, 1, TRUE) ) -> 42.044605 | AE6: =(AA6+AB6)/2 -> 0.1884375 | AF6: =AF$2*(Underlying*EXP(-DividendYield*TimeToExpiration)*_xlfn.NORM.DIST(AF$2*(LN(Underlying/$H6)+(RiskFreeRate-DividendYield+0.5*AE6^2)*TimeToExpiration)/(AE6*TimeToExpiration^0.5), 0, 1, TRUE) - $H6*EXP(-RiskFreeRate*TimeToExpiration)*_xlfn.NORM.DIST(AF$2*(LN(Underlying/$H6)+(RiskFreeRate-DividendYield-0.5*AE6^2)*TimeToExpiration)/(AE6*TimeToExpiration^0.5), 0, 1, TRUE) ) -> 42.009401 | AG6: =IF(AF6>$G6, AA6, AE6) -> 0.001 | AH6: =IF(AF6>$G6, AE6, AB6) -> 0.1884375 | AI6: =AI$2*(Underlying*EXP(-DividendYield*TimeToExpiration)*_xlfn.NORM.DIST(AI$2*(LN(Underlying/$H6)+(RiskFreeRate-DividendYield+0.5*AG6^2)*TimeToExpiration)/(AG6*TimeToExpiration^0.5), 0, 1, TRUE) - $H6*EXP(-RiskFreeRate*TimeToExpiration)*_xlfn.NORM.DIST(AI$2*(LN(Underlying/$H6)+(RiskFreeRate-DividendYield-0.5*AG6^2)*TimeToExpiration)/(AG6*TimeToExpiration^0.5), 0, 1, TRUE) ) -> 42.009401 | AJ6: =AJ$2*(Underlying*EXP(-DividendYield*TimeToExpiration)*_xlfn.NORM.DIST(AJ$2*(LN(Underlying/$H6)+(RiskFreeRate-DividendYield+0.5*AH6^2)*TimeToExpiration)/(AH6*TimeToExpiration^0.5), 0, 1, TRUE) - $H6*EXP(-RiskFreeRate*TimeToExpiration)*_xlfn.NORM.DIST(AJ$2*(LN(Underlying/$H6)+(RiskFreeRate-DividendYield-0.5*AH6^2)*TimeToExpiration)/(AH6*TimeToExpiration^0.5), 0, 1, TRUE) ) -> 42.009401 | AK6: =(AG6+AH6)/2 -> 0.09471875 | AL6: =AL$2*(Underlying*EXP(-DividendYield*TimeToExpiration)*_xlfn.NORM.DIST(AL$2*(LN(Underlying/$H6)+(RiskFreeRate-DividendYield+0.5*AK6^2)*TimeToExpiration)/(AK6*TimeToExpiration^0.5), 0, 1, TRUE) - $H6*EXP(-RiskFreeRate*TimeToExpiration)*_xlfn.NORM.DIST(AL$2*(LN(Underlying/$H6)+(RiskFreeRate-DividendYield-0.5*AK6^2)*TimeToExpiration)/(AK6*TimeToExpiration^0.5), 0, 1, TRUE) ) -> 42.009401 | AM6: =IF(AL6>$G6, AG6, AK6) -> 0.001 | AN6: =IF(AL6>$G6, AK6, AH6) -> 0.09471875 | AO6: =AO$2*(Underlying*EXP(-DividendYield*TimeToExpiration)*_xlfn.NORM.DIST(AO$2*(LN(Underlying/$H6)+(RiskFreeRate-DividendYield+0.5*AM6^2)*TimeToExpiration)/(AM6*TimeToExpiration^0.5), 0, 1, TRUE) - $H6*EXP(-RiskFreeRate*TimeToExpiration)*_xlfn.NORM.DIST(AO$2*(LN(Underlying/$H6)+(RiskFreeRate-DividendYield-0.5*AM6^2)*TimeToExpiration)/(AM6*TimeToExpiration^0.5), 0, 1, TRUE) ) -> 42.009401 | AP6: =AP$2*(Underlying*EXP(-DividendYield*TimeToExpiration)*_xlfn.NORM.DIST(AP$2*(LN(Underlying/$H6)+(RiskFreeRate-DividendYield+0.5*AN6^2)*TimeToExpiration)/(AN6*TimeToExpiration^0.5), 0, 1, TRUE) - $H6*EXP(-RiskFreeRate*TimeToExpiration)*_xlfn.NORM.DIST(AP$2*(LN(Underlying/$H6)+(RiskFreeRate-DividendYield-0.5*AN6^2)*TimeToExpiration)/(AN6*TimeToExpiration^0.5), 0, 1, TRUE) ) -> 42.009401 | AQ6: =(AM6+AN6)/2 -> 0.047859375 | AR6: =AR$2*(Underlying*EXP(-DividendYield*TimeToExpiration)*_xlfn.NORM.DIST(AR$2*(LN(Underlying/$H6)+(RiskFreeRate-DividendYield+0.5*AQ6^2)*TimeToExpiration)/(AQ6*TimeToExpiration^0.5), 0, 1, TRUE) - $H6*EXP(-RiskFreeRate*TimeToExpiration)*_xlfn.NORM.DIST(AR$2*(LN(Underlying/$H6)+(RiskFreeRate-DividendYield-0.5*AQ6^2)*TimeToExpiration)/(AQ6*TimeToExpiration^0.5), 0, 1, TRUE) ) -> 42.009401 | AS6: =IF(AR6>$G6, AM6, AQ6) -> 0.001 | AT6: =IF(AR6>$G6, AQ6, AN6) -> 0.047859375 | AU6: =AU$2*(Underlying*EXP(-DividendYield*TimeToExpiration)*_xlfn.NORM.DIST(AU$2*(LN(Underlying/$H6)+(RiskFreeRate-DividendYield+0.5*AS6^2)*TimeToExpiration)/(AS6*TimeToExpiration^0.5), 0, 1, TRUE) - $H6*EXP(-RiskFreeRate*TimeToExpiration)*_xlfn.NORM.DIST(AU$2*(LN(Underlying/$H6)+(RiskFreeRate-DividendYield-0.5*AS6^2)*TimeToExpiration)/(AS6*TimeToExpiration^0.5), 0, 1, TRUE) ) -> 42.009401 | AV6: =AV$2*(Underlying*EXP(-DividendYield*TimeToExpiration)*_xlfn.NORM.DIST(AV$2*(LN(Underlying/$H6)+(RiskFreeRate-DividendYield+0.5*AT6^2)*TimeToExpiration)/(AT6*TimeToExpiration^0.5), 0, 1, TRUE) - $H6*EXP(-RiskFreeRate*TimeToExpiration)*_xlfn.NORM.DIST(AV$2*(LN(Underlying/$H6)+(RiskFreeRate-DividendYield-0.5*AT6^2)*TimeToExpiration)/(AT6*TimeToExpiration^0.5), 0, 1, TRUE) ) -> 42.009401 | AW6: =(AS6+AT6)/2 -> 0.024429687 | AX6: =AX$2*(Underlying*EXP(-DividendYield*TimeToExpiration)*_xlfn.NORM.DIST(AX$2*(LN(Underlying/$H6)+(RiskFreeRate-DividendYield+0.5*AW6^2)*TimeToExpiration)/(AW6*TimeToExpiration^0.5), 0, 1, TRUE) - $H6*EXP(-RiskFreeRate*TimeToExpiration)*_xlfn.NORM.DIST(AX$2*(LN(Underlying/$H6)+(RiskFreeRate-DividendYield-0.5*AW6^2)*TimeToExpiration)/(AW6*TimeToExpiration^0.5), 0, 1, TRUE) ) -> 42.009401 | AY6: =IF(AX6>$G6, AS6, AW6) -> 0.001 | AZ6: =IF(AX6>$G6, AW6, AT6) -> 0.024429687 | BA6: =BA$2*(Underlying*EXP(-DividendYield*TimeToExpiration)*_xlfn.NORM.DIST(BA$2*(LN(Underlying/$H6)+(RiskFreeRate-DividendYield+0.5*AY6^2)*TimeToExpiration)/(AY6*TimeToExpiration^0.5), 0, 1, TRUE) - $H6*EXP(-RiskFreeRate*TimeToExpiration)*_xlfn.NORM.DIST(BA$2*(LN(Underlying/$H6)+(RiskFreeRate-DividendYield-0.5*AY6^2)*TimeToExpiration)/(AY6*TimeToExpiration^0.5), 0, 1, TRUE) ) -> 42.009401 | BB6: =BB$2*(Underlying*EXP(-DividendYield*TimeToExpiration)*_xlfn.NORM.DIST(BB$2*(LN(Underlying/$H6)+(RiskFreeRate-DividendYield+0.5*AZ6^2)*TimeToExpiration)/(AZ6*TimeToExpiration^0.5), 0, 1, TRUE) - $H6*EXP(-RiskFreeRate*TimeToExpiration)*_xlfn.NORM.DIST(BB$2*(LN(Underlying/$H6)+(RiskFreeRate-DividendYield-0.5*AZ6^2)*TimeToExpiration)/(AZ6*TimeToExpiration^0.5), 0, 1, TRUE) ) -> 42.009401 | BC6: =(AY6+AZ6)/2 -> 0.012714844 | BD6: =BD$2*(Underlying*EXP(-DividendYield*TimeToExpiration)*_xlfn.NORM.DIST(BD$2*(LN(Underlying/$H6)+(RiskFreeRate-DividendYield+0.5*BC6^2)*TimeToExpiration)/(BC6*TimeToExpiration^0.5), 0, 1, TRUE) - $H6*EXP(-RiskFreeRate*TimeToExpiration)*_xlfn.NORM.DIST(BD$2*(LN(Underlying/$H6)+(RiskFreeRate-DividendYield-0.5*BC6^2)*TimeToExpiration)/(BC6*TimeToExpiration^0.5), 0, 1, TRUE) ) -> 42.009401 | BE6: =IF(BD6>$G6, AY6, BC6) -> 0.001 | BF6: =IF(BD6>$G6, BC6, AZ6) -> 0.012714844 | BG6: =BG$2*(Underlying*EXP(-DividendYield*TimeToExpiration)*_xlfn.NORM.DIST(BG$2*(LN(Underlying/$H6)+(RiskFreeRate-DividendYield+0.5*BE6^2)*TimeToExpiration)/(BE6*TimeToExpiration^0.5), 0, 1, TRUE) - $H6*EXP(-RiskFreeRate*TimeToExpiration)*_xlfn.NORM.DIST(BG$2*(LN(Underlying/$H6)+(RiskFreeRate-DividendYield-0.5*BE6^2)*TimeToExpiration)/(BE6*TimeToExpiration^0.5), 0, 1, TRUE) ) -> 42.009401 | BH6: =BH$2*(Underlying*EXP(-DividendYield*TimeToExpiration)*_xlfn.NORM.DIST(BH$2*(LN(Underlying/$H6)+(RiskFreeRate-DividendYield+0.5*BF6^2)*TimeToExpiration)/(BF6*TimeToExpiration^0.5), 0, 1, TRUE) - $H6*EXP(-RiskFreeRate*TimeToExpiration)*_xlfn.NORM.DIST(BH$2*(LN(Underlying/$H6)+(RiskFreeRate-DividendYield-0.5*BF6^2)*TimeToExpiration)/(BF6*TimeToExpiration^0.5), 0, 1, TRUE) ) -> 42.009401 | BI6: =(BE6+BF6)/2 -> 0.0068574219 | BJ6: =BJ$2*(Underlying*EXP(-DividendYield*TimeToExpiration)*_xlfn.NORM.DIST(BJ$2*(LN(Underlying/$H6)+(RiskFreeRate-DividendYield+0.5*BI6^2)*TimeToExpiration)/(BI6*TimeToExpiration^0.5), 0, 1, TRUE) - $H6*EXP(-RiskFreeRate*TimeToExpiration)*_xlfn.NORM.DIST(BJ$2*(LN(Underlying/$H6)+(RiskFreeRate-DividendYield-0.5*BI6^2)*TimeToExpiration)/(BI6*TimeToExpiration^0.5), 0, 1, TRUE) ) -> 42.009401 | BK6: =IF(BJ6>$G6, BE6, BI6) -> 0.001 | BL6: =IF(BJ6>$G6, BI6, BF6) -> 0.0068574219 | BM6: =BM$2*(Underlying*EXP(-DividendYield*TimeToExpiration)*_xlfn.NORM.DIST(BM$2*(LN(Underlying/$H6)+(RiskFreeRate-DividendYield+0.5*BK6^2)*TimeToExpiration)/(BK6*TimeToExpiration^0.5), 0, 1, TRUE) - $H6*EXP(-RiskFreeRate*TimeToExpiration)*_xlfn.NORM.DIST(BM$2*(LN(Underlying/$H6)+(RiskFreeRate-DividendYield-0.5*BK6^2)*TimeToExpiration)/(BK6*TimeToExpiration^0.5), 0, 1, TRUE) ) -> 42.009401 | BN6: =BN$2*(Underlying*EXP(-DividendYield*TimeToExpiration)*_xlfn.NORM.DIST(BN$2*(LN(Underlying/$H6)+(RiskFreeRate-DividendYield+0.5*BL6^2)*TimeToExpiration)/(BL6*TimeToExpiration^0.5), 0, 1, TRUE) - $H6*EXP(-RiskFreeRate*TimeToExpiration)*_xlfn.NORM.DIST(BN$2*(LN(Underlying/$H6)+(RiskFreeRate-DividendYield-0.5*BL6^2)*TimeToExpiration)/(BL6*TimeToExpiration^0.5), 0, 1, TRUE) ) -> 42.009401 | BO6: =(BK6+BL6)/2 -> 0.0039287109 | BP6: =BP$2*(Underlying*EXP(-DividendYield*TimeToExpiration)*_xlfn.NORM.DIST(BP$2*(LN(Underlying/$H6)+(RiskFreeRate-DividendYield+0.5*BO6^2)*TimeToExpiration)/(BO6*TimeToExpiration^0.5), 0, 1, TRUE) - $H6*EXP(-RiskFreeRate*TimeToExpiration)*_xlfn.NORM.DIST(BP$2*(LN(Underlying/$H6)+(RiskFreeRate-DividendYield-0.5*BO6^2)*TimeToExpiration)/(BO6*TimeToExpiration^0.5), 0, 1, TRUE) ) -> 42.009401 | BQ6: =IF(BP6>$G6, BK6, BO6) -> 0.001 | BR6: =IF(BP6>$G6, BO6, BL6) -> 0.0039287109 | BS6: =BS$2*(Underlying*EXP(-DividendYield*TimeToExpiration)*_xlfn.NORM.DIST(BS$2*(LN(Underlying/$H6)+(RiskFreeRate-DividendYield+0.5*BQ6^2)*TimeToExpiration)/(BQ6*TimeToExpiration^0.5), 0, 1, TRUE) - $H6*EXP(-RiskFreeRate*TimeToExpiration)*_xlfn.NORM.DIST(BS$2*(LN(Underlying/$H6)+(RiskFreeRate-DividendYield-0.5*BQ6^2)*TimeToExpiration)/(BQ6*TimeToExpiration^0.5), 0, 1, TRUE) ) -> 42.009401 | BT6: =BT$2*(Underlying*EXP(-DividendYield*TimeToExpiration)*_xlfn.NORM.DIST(BT$2*(LN(Underlying/$H6)+(RiskFreeRate-DividendYield+0.5*BR6^2)*TimeToExpiration)/(BR6*TimeToExpiration^0.5), 0, 1, TRUE) - $H6*EXP(-RiskFreeRate*TimeToExpiration)*_xlfn.NORM.DIST(BT$2*(LN(Underlying/$H6)+(RiskFreeRate-DividendYield-0.5*BR6^2)*TimeToExpiration)/(BR6*TimeToExpiration^0.5), 0, 1, TRUE) ) -> 42.009401 | BU6: =(BQ6+BR6)/2 -> 0.0024643555 | BV6: =BV$2*(Underlying*EXP(-DividendYield*TimeToExpiration)*_xlfn.NORM.DIST(BV$2*(LN(Underlying/$H6)+(RiskFreeRate-DividendYield+0.5*BU6^2)*TimeToExpiration)/(BU6*TimeToExpiration^0.5), 0, 1, TRUE) - $H6*EXP(-RiskFreeRate*TimeToExpiration)*_xlfn.NORM.DIST(BV$2*(LN(Underlying/$H6)+(RiskFreeRate-DividendYield-0.5*BU6^2)*TimeToExpiration)/(BU6*TimeToExpiration^0.5), 0, 1, TRUE) ) -> 42.009401 | BW6: =IF(BV6>$G6, BQ6, BU6) -> 0.001 | BX6: =IF(BV6>$G6, BU6, BR6) -> 0.0024643555 | BY6: =BY$2*(Underlying*EXP(-DividendYield*TimeToExpiration)*_xlfn.NORM.DIST(BY$2*(LN(Underlying/$H6)+(RiskFreeRate-DividendYield+0.5*BW6^2)*TimeToExpiration)/(BW6*TimeToExpiration^0.5), 0, 1, TRUE) - $H6*EXP(-RiskFreeRate*TimeToExpiration)*_xlfn.NORM.DIST(BY$2*(LN(Underlying/$H6)+(RiskFreeRate-DividendYield-0.5*BW6^2)*TimeToExpiration)/(BW6*TimeToExpiration^0.5), 0, 1, TRUE) ) -> 42.009401 | BZ6: =BZ$2*(Underlying*EXP(-DividendYield*TimeToExpiration)*_xlfn.NORM.DIST(BZ$2*(LN(Underlying/$H6)+(RiskFreeRate-DividendYield+0.5*BX6^2)*TimeToExpiration)/(BX6*TimeToExpiration^0.5), 0, 1, TRUE) - $H6*EXP(-RiskFreeRate*TimeToExpiration)*_xlfn.NORM.DIST(BZ$2*(LN(Underlying/$H6)+(RiskFreeRate-DividendYield-0.5*BX6^2)*TimeToExpiration)/(BX6*TimeToExpiration^0.5), 0, 1, TRUE) ) -> 42.009401 | CA6: =(BW6+BX6)/2 -> 0.0017321777 | CB6: =CB$2*(Underlying*EXP(-DividendYield*TimeToExpiration)*_xlfn.NORM.DIST(CB$2*(LN(Underlying/$H6)+(RiskFreeRate-DividendYield+0.5*CA6^2)*TimeToExpiration)/(CA6*TimeToExpiration^0.5), 0, 1, TRUE) - $H6*EXP(-RiskFreeRate*TimeToExpiration)*_xlfn.NORM.DIST(CB$2*(LN(Underlying/$H6)+(RiskFreeRate-DividendYield-0.5*CA6^2)*TimeToExpiration)/(CA6*TimeToExpiration^0.5), 0, 1, TRUE) ) -> 42.009401 | CC6: =IF(CB6>$G6, BW6, CA6) -> 0.001 | CD6: =IF(CB6>$G6, CA6, BX6) -> 0.0017321777 | CE6: =CE$2*(Underlying*EXP(-DividendYield*TimeToExpiration)*_xlfn.NORM.DIST(CE$2*(LN(Underlying/$H6)+(RiskFreeRate-DividendYield+0.5*CC6^2)*TimeToExpiration)/(CC6*TimeToExpiration^0.5), 0, 1, TRUE) - $H6*EXP(-RiskFreeRate*TimeToExpiration)*_xlfn.NORM.DIST(CE$2*(LN(Underlying/$H6)+(RiskFreeRate-DividendYield-0.5*CC6^2)*TimeToExpiration)/(CC6*TimeToExpiration^0.5), 0, 1, TRUE) ) -> 42.009401 | CF6: =CF$2*(Underlying*EXP(-DividendYield*TimeToExpiration)*_xlfn.NORM.DIST(CF$2*(LN(Underlying/$H6)+(RiskFreeRate-DividendYield+0.5*CD6^2)*TimeToExpiration)/(CD6*TimeToExpiration^0.5), 0, 1, TRUE) - $H6*EXP(-RiskFreeRate*TimeToExpiration)*_xlfn.NORM.DIST(CF$2*(LN(Underlying/$H6)+(RiskFreeRate-DividendYield-0.5*CD6^2)*TimeToExpiration)/(CD6*TimeToExpiration^0.5), 0, 1, TRUE) ) -> 42.009401 | CG6: =(CC6+CD6)/2 -> 0.0013660889 | CH6: =CH$2*(Underlying*EXP(-DividendYield*TimeToExpiration)*_xlfn.NORM.DIST(CH$2*(LN(Underlying/$H6)+(RiskFreeRate-DividendYield+0.5*CG6^2)*TimeToExpiration)/(CG6*TimeToExpiration^0.5), 0, 1, TRUE) - $H6*EXP(-RiskFreeRate*TimeToExpiration)*_xlfn.NORM.DIST(CH$2*(LN(Underlying/$H6)+(RiskFreeRate-DividendYield-0.5*CG6^2)*TimeToExpiration)/(CG6*TimeToExpiration^0.5), 0, 1, TRUE) ) -> 42.009401 | CI6: =IF(CH6>$G6, CC6, CG6) -> 0.001 | CJ6: =IF(CH6>$G6, CG6, CD6) -> 0.0013660889 | CK6: =CK$2*(Underlying*EXP(-DividendYield*TimeToExpiration)*_xlfn.NORM.DIST(CK$2*(LN(Underlying/$H6)+(RiskFreeRate-DividendYield+0.5*CI6^2)*TimeToExpiration)/(CI6*TimeToExpiration^0.5), 0, 1, TRUE) - $H6*EXP(-RiskFreeRate*TimeToExpiration)*_xlfn.NORM.DIST(CK$2*(LN(Underlying/$H6)+(RiskFreeRate-DividendYield-0.5*CI6^2)*TimeToExpiration)/(CI6*TimeToExpiration^0.5), 0, 1, TRUE) ) -> 42.009401 | CL6: =CL$2*(Underlying*EXP(-DividendYield*TimeToExpiration)*_xlfn.NORM.DIST(CL$2*(LN(Underlying/$H6)+(RiskFreeRate-DividendYield+0.5*CJ6^2)*TimeToExpiration)/(CJ6*TimeToExpiration^0.5), 0, 1, TRUE) - $H6*EXP(-RiskFreeRate*TimeToExpiration)*_xlfn.NORM.DIST(CL$2*(LN(Underlying/$H6)+(RiskFreeRate-DividendYield-0.5*CJ6^2)*TimeToExpiration)/(CJ6*TimeToExpiration^0.5), 0, 1, TRUE) ) -> 42.009401 | CM6: =(CI6+CJ6)/2 -> 0.0011830444 | CN6: =CN$2*(Underlying*EXP(-DividendYield*TimeToExpiration)*_xlfn.NORM.DIST(CN$2*(LN(Underlying/$H6)+(RiskFreeRate-DividendYield+0.5*CM6^2)*TimeToExpiration)/(CM6*TimeToExpiration^0.5), 0, 1, TRUE) - $H6*EXP(-RiskFreeRate*TimeToExpiration)*_xlfn.NORM.DIST(CN$2*(LN(Underlying/$H6)+(RiskFreeRate-DividendYield-0.5*CM6^2)*TimeToExpiration)/(CM6*TimeToExpiration^0.5), 0, 1, TRUE) ) -> 42.009401 | CO6: =IF(CN6>$G6, CI6, CM6) -> 0.001 | CP6: =IF(CN6>$G6, CM6, CJ6) -> 0.0011830444 | CQ6: =CQ$2*(Underlying*EXP(-DividendYield*TimeToExpiration)*_xlfn.NORM.DIST(CQ$2*(LN(Underlying/$H6)+(RiskFreeRate-DividendYield+0.5*CO6^2)*TimeToExpiration)/(CO6*TimeToExpiration^0.5), 0, 1, TRUE) - $H6*EXP(-RiskFreeRate*TimeToExpiration)*_xlfn.NORM.DIST(CQ$2*(LN(Underlying/$H6)+(RiskFreeRate-DividendYield-0.5*CO6^2)*TimeToExpiration)/(CO6*TimeToExpiration^0.5), 0, 1, TRUE) ) -> 42.009401 | CR6: =CR$2*(Underlying*EXP(-DividendYield*TimeToExpiration)*_xlfn.NORM.DIST(CR$2*(LN(Underlying/$H6)+(RiskFreeRate-DividendYield+0.5*CP6^2)*TimeToExpiration)/(CP6*TimeToExpiration^0.5), 0, 1, TRUE) - $H6*EXP(-RiskFreeRate*TimeToExpiration)*_xlfn.NORM.DIST(CR$2*(LN(Underlying/$H6)+(RiskFreeRate-DividendYield-0.5*CP6^2)*TimeToExpiration)/(CP6*TimeToExpiration^0.5), 0, 1, TRUE) ) -> 42.009401 | CS6: =(CO6+CP6)/2 -> 0.0010915222 | CT6: =CT$2*(Underlying*EXP(-DividendYield*TimeToExpiration)*_xlfn.NORM.DIST(CT$2*(LN(Underlying/$H6)+(RiskFreeRate-DividendYield+0.5*CS6^2)*TimeToExpiration)/(CS6*TimeToExpiration^0.5), 0, 1, TRUE) - $H6*EXP(-RiskFreeRate*TimeToExpiration)*_xlfn.NORM.DIST(CT$2*(LN(Underlying/$H6)+(RiskFreeRate-DividendYield-0.5*CS6^2)*TimeToExpiration)/(CS6*TimeToExpiration^0.5), 0, 1, TRUE) ) -> 42.009401 | CU6: =IF(CT6>$G6, CO6, CS6) -> 0.001 | CV6: =IF(CT6>$G6, CS6, CP6) -> 0.0010915222 | CW6: =CW$2*(Underlying*EXP(-DividendYield*TimeToExpiration)*_xlfn.NORM.DIST(CW$2*(LN(Underlying/$H6)+(RiskFreeRate-DividendYield+0.5*CU6^2)*TimeToExpiration)/(CU6*TimeToExpiration^0.5), 0, 1, TRUE) - $H6*EXP(-RiskFreeRate*TimeToExpiration)*_xlfn.NORM.DIST(CW$2*(LN(Underlying/$H6)+(RiskFreeRate-DividendYield-0.5*CU6^2)*TimeToExpiration)/(CU6*TimeToExpiration^0.5), 0, 1, TRUE) ) -> 42.009401 | CX6: =CX$2*(Underlying*EXP(-DividendYield*TimeToExpiration)*_xlfn.NORM.DIST(CX$2*(LN(Underlying/$H6)+(RiskFreeRate-DividendYield+0.5*CV6^2)*TimeToExpiration)/(CV6*TimeToExpiration^0.5), 0, 1, TRUE) - $H6*EXP(-RiskFreeRate*TimeToExpiration)*_xlfn.NORM.DIST(CX$2*(LN(Underlying/$H6)+(RiskFreeRate-DividendYield-0.5*CV6^2)*TimeToExpiration)/(CV6*TimeToExpiration^0.5), 0, 1, TRUE) ) -> 42.009401 | CY6: =(CU6+CV6)/2 -> 0.0010457611 | CZ6: =CZ$2*(Underlying*EXP(-DividendYield*TimeToExpiration)*_xlfn.NORM.DIST(CZ$2*(LN(Underlying/$H6)+(RiskFreeRate-DividendYield+0.5*CY6^2)*TimeToExpiration)/(CY6*TimeToExpiration^0.5), 0, 1, TRUE) - $H6*EXP(-RiskFreeRate*TimeToExpiration)*_xlfn.NORM.DIST(CZ$2*(LN(Underlying/$H6)+(RiskFreeRate-DividendYield-0.5*CY6^2)*TimeToExpiration)/(CY6*TimeToExpiration^0.5), 0, 1, TRUE) ) -> 42.009401 | DA6: =IF(CZ6>$G6, CU6, CY6) -> 0.001 | DB6: =IF(CZ6>$G6, CY6, CV6) -> 0.0010457611 | DC6: =DC$2*(Underlying*EXP(-DividendYield*TimeToExpiration)*_xlfn.NORM.DIST(DC$2*(LN(Underlying/$H6)+(RiskFreeRate-DividendYield+0.5*DA6^2)*TimeToExpiration)/(DA6*TimeToExpiration^0.5), 0, 1, TRUE) - $H6*EXP(-RiskFreeRate*TimeToExpiration)*_xlfn.NORM.DIST(DC$2*(LN(Underlying/$H6)+(RiskFreeRate-DividendYield-0.5*DA6^2)*TimeToExpiration)/(DA6*TimeToExpiration^0.5), 0, 1, TRUE) ) -> 42.009401 | DD6: =DD$2*(Underlying*EXP(-DividendYield*TimeToExpiration)*_xlfn.NORM.DIST(DD$2*(LN(Underlying/$H6)+(RiskFreeRate-DividendYield+0.5*DB6^2)*TimeToExpiration)/(DB6*TimeToExpiration^0.5), 0, 1, TRUE) - $H6*EXP(-RiskFreeRate*TimeToExpiration)*_xlfn.NORM.DIST(DD$2*(LN(Underlying/$H6)+(RiskFreeRate-DividendYield-0.5*DB6^2)*TimeToExpiration)/(DB6*TimeToExpiration^0.5), 0, 1, TRUE) ) -> 42.009401 | DE6: =(DA6+DB6)/2 -> 0.0010228806 | DF6: =DF$2*(Underlying*EXP(-DividendYield*TimeToExpiration)*_xlfn.NORM.DIST(DF$2*(LN(Underlying/$H6)+(RiskFreeRate-DividendYield+0.5*DE6^2)*TimeToExpiration)/(DE6*TimeToExpiration^0.5), 0, 1, TRUE) - $H6*EXP(-RiskFreeRate*TimeToExpiration)*_xlfn.NORM.DIST(DF$2*(LN(Underlying/$H6)+(RiskFreeRate-DividendYield-0.5*DE6^2)*TimeToExpiration)/(DE6*TimeToExpiration^0.5), 0, 1, TRUE) ) -> 42.009401
A7: ='Option Mkt Data'!A7 -> 300 | B7: =DE7 -> 0.52956368 | C7: =DF7 -> 40.00003 | D7: =ABS(C7-G7) -> 3.7802212e-05 | E7: =D7/G7 -> 9.4505549e-07 | F7: =D7/'Option Mkt Data'!L7 -> 9.4503367e-05 | G7: ='Option Mkt Data'!J7 -> 39.999992 | H7: ='Option Mkt Data'!A7 -> 300 | I7: =MinSolverVola -> 0.001 | J7: =MaxSolverVola -> 3 | K7: =K$2*(Underlying*EXP(-DividendYield*TimeToExpiration)*_xlfn.NORM.DIST(K$2*(LN(Underlying/$H7)+(RiskFreeRate-DividendYield+0.5*I7^2)*TimeToExpiration)/(I7*TimeToExpiration^0.5), 0, 1, TRUE) - $H7*EXP(-RiskFreeRate*TimeToExpiration)*_xlfn.NORM.DIST(K$2*(LN(Underlying/$H7)+(RiskFreeRate-DividendYield-0.5*I7^2)*TimeToExpiration)/(I7*TimeToExpiration^0.5), 0, 1, TRUE) ) -> 39.511581 | L7: =L$2*(Underlying*EXP(-DividendYield*TimeToExpiration)*_xlfn.NORM.DIST(L$2*(LN(Underlying/$H7)+(RiskFreeRate-DividendYield+0.5*J7^2)*TimeToExpiration)/(J7*TimeToExpiration^0.5), 0, 1, TRUE) - $H7*EXP(-RiskFreeRate*TimeToExpiration)*_xlfn.NORM.DIST(L$2*(LN(Underlying/$H7)+(RiskFreeRate-DividendYield-0.5*J7^2)*TimeToExpiration)/(J7*TimeToExpiration^0.5), 0, 1, TRUE) ) -> 75.65967 | M7: =(I7+J7)/2 -> 1.5005 | N7: =N$2*(Underlying*EXP(-DividendYield*TimeToExpiration)*_xlfn.NORM.DIST(N$2*(LN(Underlying/$H7)+(RiskFreeRate-DividendYield+0.5*M7^2)*TimeToExpiration)/(M7*TimeToExpiration^0.5), 0, 1, TRUE) - $H7*EXP(-RiskFreeRate*TimeToExpiration)*_xlfn.NORM.DIST(N$2*(LN(Underlying/$H7)+(RiskFreeRate-DividendYield-0.5*M7^2)*TimeToExpiration)/(M7*TimeToExpiration^0.5), 0, 1, TRUE) ) -> 51.197715 | O7: =IF(N7>$G7, I7, M7) -> 0.001 | P7: =IF(N7>$G7, M7, J7) -> 1.5005 | Q7: =Q$2*(Underlying*EXP(-DividendYield*TimeToExpiration)*_xlfn.NORM.DIST(Q$2*(LN(Underlying/$H7)+(RiskFreeRate-DividendYield+0.5*O7^2)*TimeToExpiration)/(O7*TimeToExpiration^0.5), 0, 1, TRUE) - $H7*EXP(-RiskFreeRate*TimeToExpiration)*_xlfn.NORM.DIST(Q$2*(LN(Underlying/$H7)+(RiskFreeRate-DividendYield-0.5*O7^2)*TimeToExpiration)/(O7*TimeToExpiration^0.5), 0, 1, TRUE)) -> 39.511581 | R7: =R$2*(Underlying*EXP(-DividendYield*TimeToExpiration)*_xlfn.NORM.DIST(R$2*(LN(Underlying/$H7)+(RiskFreeRate-DividendYield+0.5*P7^2)*TimeToExpiration)/(P7*TimeToExpiration^0.5), 0, 1, TRUE) - $H7*EXP(-RiskFreeRate*TimeToExpiration)*_xlfn.NORM.DIST(R$2*(LN(Underlying/$H7)+(RiskFreeRate-DividendYield-0.5*P7^2)*TimeToExpiration)/(P7*TimeToExpiration^0.5), 0, 1, TRUE) ) -> 51.197715 | S7: =(O7+P7)/2 -> 0.75075 | T7: =T$2*(Underlying*EXP(-DividendYield*TimeToExpiration)*_xlfn.NORM.DIST(T$2*(LN(Underlying/$H7)+(RiskFreeRate-DividendYield+0.5*S7^2)*TimeToExpiration)/(S7*TimeToExpiration^0.5), 0, 1, TRUE) - $H7*EXP(-RiskFreeRate*TimeToExpiration)*_xlfn.NORM.DIST(T$2*(LN(Underlying/$H7)+(RiskFreeRate-DividendYield-0.5*S7^2)*TimeToExpiration)/(S7*TimeToExpiration^0.5), 0, 1, TRUE) ) -> 41.543895 | U7: =IF(T7>$G7, O7, S7) -> 0.001 | V7: =IF(T7>$G7, S7, P7) -> 0.75075 | W7: =W$2*(Underlying*EXP(-DividendYield*TimeToExpiration)*_xlfn.NORM.DIST(W$2*(LN(Underlying/$H7)+(RiskFreeRate-DividendYield+0.5*U7^2)*TimeToExpiration)/(U7*TimeToExpiration^0.5), 0, 1, TRUE) - $H7*EXP(-RiskFreeRate*TimeToExpiration)*_xlfn.NORM.DIST(W$2*(LN(Underlying/$H7)+(RiskFreeRate-DividendYield-0.5*U7^2)*TimeToExpiration)/(U7*TimeToExpiration^0.5), 0, 1, TRUE) ) -> 39.511581 | X7: =X$2*(Underlying*EXP(-DividendYield*TimeToExpiration)*_xlfn.NORM.DIST(X$2*(LN(Underlying/$H7)+(RiskFreeRate-DividendYield+0.5*V7^2)*TimeToExpiration)/(V7*TimeToExpiration^0.5), 0, 1, TRUE) - $H7*EXP(-RiskFreeRate*TimeToExpiration)*_xlfn.NORM.DIST(X$2*(LN(Underlying/$H7)+(RiskFreeRate-DividendYield-0.5*V7^2)*TimeToExpiration)/(V7*TimeToExpiration^0.5), 0, 1, TRUE) ) -> 41.543895 | Y7: =(U7+V7)/2 -> 0.375875 | Z7: =Z$2*(Underlying*EXP(-DividendYield*TimeToExpiration)*_xlfn.NORM.DIST(Z$2*(LN(Underlying/$H7)+(RiskFreeRate-DividendYield+0.5*Y7^2)*TimeToExpiration)/(Y7*TimeToExpiration^0.5), 0, 1, TRUE) - $H7*EXP(-RiskFreeRate*TimeToExpiration)*_xlfn.NORM.DIST(Z$2*(LN(Underlying/$H7)+(RiskFreeRate-DividendYield-0.5*Y7^2)*TimeToExpiration)/(Y7*TimeToExpiration^0.5), 0, 1, TRUE) ) -> 39.568456 | AA7: =IF(Z7>$G7, U7, Y7) -> 0.375875 | AB7: =IF(Z7>$G7, Y7, V7) -> 0.75075 | AC7: =AC$2*(Underlying*EXP(-DividendYield*TimeToExpiration)*_xlfn.NORM.DIST(AC$2*(LN(Underlying/$H7)+(RiskFreeRate-DividendYield+0.5*AA7^2)*TimeToExpiration)/(AA7*TimeToExpiration^0.5), 0, 1, TRUE) - $H7*EXP(-RiskFreeRate*TimeToExpiration)*_xlfn.NORM.DIST(AC$2*(LN(Underlying/$H7)+(RiskFreeRate-DividendYield-0.5*AA7^2)*TimeToExpiration)/(AA7*TimeToExpiration^0.5), 0, 1, TRUE) ) -> 39.568456 | AD7: =AD$2*(Underlying*EXP(-DividendYield*TimeToExpiration)*_xlfn.NORM.DIST(AD$2*(LN(Underlying/$H7)+(RiskFreeRate-DividendYield+0.5*AB7^2)*TimeToExpiration)/(AB7*TimeToExpiration^0.5), 0, 1, TRUE) - $H7*EXP(-RiskFreeRate*TimeToExpiration)*_xlfn.NORM.DIST(AD$2*(LN(Underlying/$H7)+(RiskFreeRate-DividendYield-0.5*AB7^2)*TimeToExpiration)/(AB7*TimeToExpiration^0.5), 0, 1, TRUE) ) -> 41.543895 | AE7: =(AA7+AB7)/2 -> 0.5633125 | AF7: =AF$2*(Underlying*EXP(-DividendYield*TimeToExpiration)*_xlfn.NORM.DIST(AF$2*(LN(Underlying/$H7)+(RiskFreeRate-DividendYield+0.5*AE7^2)*TimeToExpiration)/(AE7*TimeToExpiration^0.5), 0, 1, TRUE) - $H7*EXP(-RiskFreeRate*TimeToExpiration)*_xlfn.NORM.DIST(AF$2*(LN(Underlying/$H7)+(RiskFreeRate-DividendYield-0.5*AE7^2)*TimeToExpiration)/(AE7*TimeToExpiration^0.5), 0, 1, TRUE) ) -> 40.168027 | AG7: =IF(AF7>$G7, AA7, AE7) -> 0.375875 | AH7: =IF(AF7>$G7, AE7, AB7) -> 0.5633125 | AI7: =AI$2*(Underlying*EXP(-DividendYield*TimeToExpiration)*_xlfn.NORM.DIST(AI$2*(LN(Underlying/$H7)+(RiskFreeRate-DividendYield+0.5*AG7^2)*TimeToExpiration)/(AG7*TimeToExpiration^0.5), 0, 1, TRUE) - $H7*EXP(-RiskFreeRate*TimeToExpiration)*_xlfn.NORM.DIST(AI$2*(LN(Underlying/$H7)+(RiskFreeRate-DividendYield-0.5*AG7^2)*TimeToExpiration)/(AG7*TimeToExpiration^0.5), 0, 1, TRUE) ) -> 39.568456 | AJ7: =AJ$2*(Underlying*EXP(-DividendYield*TimeToExpiration)*_xlfn.NORM.DIST(AJ$2*(LN(Underlying/$H7)+(RiskFreeRate-DividendYield+0.5*AH7^2)*TimeToExpiration)/(AH7*TimeToExpiration^0.5), 0, 1, TRUE) - $H7*EXP(-RiskFreeRate*TimeToExpiration)*_xlfn.NORM.DIST(AJ$2*(LN(Underlying/$H7)+(RiskFreeRate-DividendYield-0.5*AH7^2)*TimeToExpiration)/(AH7*TimeToExpiration^0.5), 0, 1, TRUE) ) -> 40.168027 | AK7: =(AG7+AH7)/2 -> 0.46959375 | AL7: =AL$2*(Underlying*EXP(-DividendYield*TimeToExpiration)*_xlfn.NORM.DIST(AL$2*(LN(Underlying/$H7)+(RiskFreeRate-DividendYield+0.5*AK7^2)*TimeToExpiration)/(AK7*TimeToExpiration^0.5), 0, 1, TRUE) - $H7*EXP(-RiskFreeRate*TimeToExpiration)*_xlfn.NORM.DIST(AL$2*(LN(Underlying/$H7)+(RiskFreeRate-DividendYield-0.5*AK7^2)*TimeToExpiration)/(AK7*TimeToExpiration^0.5), 0, 1, TRUE) ) -> 39.767939 | AM7: =IF(AL7>$G7, AG7, AK7) -> 0.46959375 | AN7: =IF(AL7>$G7, AK7, AH7) -> 0.5633125 | AO7: =AO$2*(Underlying*EXP(-DividendYield*TimeToExpiration)*_xlfn.NORM.DIST(AO$2*(LN(Underlying/$H7)+(RiskFreeRate-DividendYield+0.5*AM7^2)*TimeToExpiration)/(AM7*TimeToExpiration^0.5), 0, 1, TRUE) - $H7*EXP(-RiskFreeRate*TimeToExpiration)*_xlfn.NORM.DIST(AO$2*(LN(Underlying/$H7)+(RiskFreeRate-DividendYield-0.5*AM7^2)*TimeToExpiration)/(AM7*TimeToExpiration^0.5), 0, 1, TRUE) ) -> 39.767939 | AP7: =AP$2*(Underlying*EXP(-DividendYield*TimeToExpiration)*_xlfn.NORM.DIST(AP$2*(LN(Underlying/$H7)+(RiskFreeRate-DividendYield+0.5*AN7^2)*TimeToExpiration)/(AN7*TimeToExpiration^0.5), 0, 1, TRUE) - $H7*EXP(-RiskFreeRate*TimeToExpiration)*_xlfn.NORM.DIST(AP$2*(LN(Underlying/$H7)+(RiskFreeRate-DividendYield-0.5*AN7^2)*TimeToExpiration)/(AN7*TimeToExpiration^0.5), 0, 1, TRUE) ) -> 40.168027 | AQ7: =(AM7+AN7)/2 -> 0.51645312 | AR7: =AR$2*(Underlying*EXP(-DividendYield*TimeToExpiration)*_xlfn.NORM.DIST(AR$2*(LN(Underlying/$H7)+(RiskFreeRate-DividendYield+0.5*AQ7^2)*TimeToExpiration)/(AQ7*TimeToExpiration^0.5), 0, 1, TRUE) - $H7*EXP(-RiskFreeRate*TimeToExpiration)*_xlfn.NORM.DIST(AR$2*(LN(Underlying/$H7)+(RiskFreeRate-DividendYield-0.5*AQ7^2)*TimeToExpiration)/(AQ7*TimeToExpiration^0.5), 0, 1, TRUE) ) -> 39.941996 | AS7: =IF(AR7>$G7, AM7, AQ7) -> 0.51645312 | AT7: =IF(AR7>$G7, AQ7, AN7) -> 0.5633125 | AU7: =AU$2*(Underlying*EXP(-DividendYield*TimeToExpiration)*_xlfn.NORM.DIST(AU$2*(LN(Underlying/$H7)+(RiskFreeRate-DividendYield+0.5*AS7^2)*TimeToExpiration)/(AS7*TimeToExpiration^0.5), 0, 1, TRUE) - $H7*EXP(-RiskFreeRate*TimeToExpiration)*_xlfn.NORM.DIST(AU$2*(LN(Underlying/$H7)+(RiskFreeRate-DividendYield-0.5*AS7^2)*TimeToExpiration)/(AS7*TimeToExpiration^0.5), 0, 1, TRUE) ) -> 39.941996 | AV7: =AV$2*(Underlying*EXP(-DividendYield*TimeToExpiration)*_xlfn.NORM.DIST(AV$2*(LN(Underlying/$H7)+(RiskFreeRate-DividendYield+0.5*AT7^2)*TimeToExpiration)/(AT7*TimeToExpiration^0.5), 0, 1, TRUE) - $H7*EXP(-RiskFreeRate*TimeToExpiration)*_xlfn.NORM.DIST(AV$2*(LN(Underlying/$H7)+(RiskFreeRate-DividendYield-0.5*AT7^2)*TimeToExpiration)/(AT7*TimeToExpiration^0.5), 0, 1, TRUE) ) -> 40.168027 | AW7: =(AS7+AT7)/2 -> 0.53988281 | AX7: =AX$2*(Underlying*EXP(-DividendYield*TimeToExpiration)*_xlfn.NORM.DIST(AX$2*(LN(Underlying/$H7)+(RiskFreeRate-DividendYield+0.5*AW7^2)*TimeToExpiration)/(AW7*TimeToExpiration^0.5), 0, 1, TRUE) - $H7*EXP(-RiskFreeRate*TimeToExpiration)*_xlfn.NORM.DIST(AX$2*(LN(Underlying/$H7)+(RiskFreeRate-DividendYield-0.5*AW7^2)*TimeToExpiration)/(AW7*TimeToExpiration^0.5), 0, 1, TRUE) ) -> 40.048567 | AY7: =IF(AX7>$G7, AS7, AW7) -> 0.51645312 | AZ7: =IF(AX7>$G7, AW7, AT7) -> 0.53988281 | BA7: =BA$2*(Underlying*EXP(-DividendYield*TimeToExpiration)*_xlfn.NORM.DIST(BA$2*(LN(Underlying/$H7)+(RiskFreeRate-DividendYield+0.5*AY7^2)*TimeToExpiration)/(AY7*TimeToExpiration^0.5), 0, 1, TRUE) - $H7*EXP(-RiskFreeRate*TimeToExpiration)*_xlfn.NORM.DIST(BA$2*(LN(Underlying/$H7)+(RiskFreeRate-DividendYield-0.5*AY7^2)*TimeToExpiration)/(AY7*TimeToExpiration^0.5), 0, 1, TRUE) ) -> 39.941996 | BB7: =BB$2*(Underlying*EXP(-DividendYield*TimeToExpiration)*_xlfn.NORM.DIST(BB$2*(LN(Underlying/$H7)+(RiskFreeRate-DividendYield+0.5*AZ7^2)*TimeToExpiration)/(AZ7*TimeToExpiration^0.5), 0, 1, TRUE) - $H7*EXP(-RiskFreeRate*TimeToExpiration)*_xlfn.NORM.DIST(BB$2*(LN(Underlying/$H7)+(RiskFreeRate-DividendYield-0.5*AZ7^2)*TimeToExpiration)/(AZ7*TimeToExpiration^0.5), 0, 1, TRUE) ) -> 40.048567 | BC7: =(AY7+AZ7)/2 -> 0.52816797 | BD7: =BD$2*(Underlying*EXP(-DividendYield*TimeToExpiration)*_xlfn.NORM.DIST(BD$2*(LN(Underlying/$H7)+(RiskFreeRate-DividendYield+0.5*BC7^2)*TimeToExpiration)/(BC7*TimeToExpiration^0.5), 0, 1, TRUE) - $H7*EXP(-RiskFreeRate*TimeToExpiration)*_xlfn.NORM.DIST(BD$2*(LN(Underlying/$H7)+(RiskFreeRate-DividendYield-0.5*BC7^2)*TimeToExpiration)/(BC7*TimeToExpiration^0.5), 0, 1, TRUE) ) -> 39.993658 | BE7: =IF(BD7>$G7, AY7, BC7) -> 0.52816797 | BF7: =IF(BD7>$G7, BC7, AZ7) -> 0.53988281 | BG7: =BG$2*(Underlying*EXP(-DividendYield*TimeToExpiration)*_xlfn.NORM.DIST(BG$2*(LN(Underlying/$H7)+(RiskFreeRate-DividendYield+0.5*BE7^2)*TimeToExpiration)/(BE7*TimeToExpiration^0.5), 0, 1, TRUE) - $H7*EXP(-RiskFreeRate*TimeToExpiration)*_xlfn.NORM.DIST(BG$2*(LN(Underlying/$H7)+(RiskFreeRate-DividendYield-0.5*BE7^2)*TimeToExpiration)/(BE7*TimeToExpiration^0.5), 0, 1, TRUE) ) -> 39.993658 | BH7: =BH$2*(Underlying*EXP(-DividendYield*TimeToExpiration)*_xlfn.NORM.DIST(BH$2*(LN(Underlying/$H7)+(RiskFreeRate-DividendYield+0.5*BF7^2)*TimeToExpiration)/(BF7*TimeToExpiration^0.5), 0, 1, TRUE) - $H7*EXP(-RiskFreeRate*TimeToExpiration)*_xlfn.NORM.DIST(BH$2*(LN(Underlying/$H7)+(RiskFreeRate-DividendYield-0.5*BF7^2)*TimeToExpiration)/(BF7*TimeToExpiration^0.5), 0, 1, TRUE) ) -> 40.048567 | BI7: =(BE7+BF7)/2 -> 0.53402539 | BJ7: =BJ$2*(Underlying*EXP(-DividendYield*TimeToExpiration)*_xlfn.NORM.DIST(BJ$2*(LN(Underlying/$H7)+(RiskFreeRate-DividendYield+0.5*BI7^2)*TimeToExpiration)/(BI7*TimeToExpiration^0.5), 0, 1, TRUE) - $H7*EXP(-RiskFreeRate*TimeToExpiration)*_xlfn.NORM.DIST(BJ$2*(LN(Underlying/$H7)+(RiskFreeRate-DividendYield-0.5*BI7^2)*TimeToExpiration)/(BI7*TimeToExpiration^0.5), 0, 1, TRUE) ) -> 40.020708 | BK7: =IF(BJ7>$G7, BE7, BI7) -> 0.52816797 | BL7: =IF(BJ7>$G7, BI7, BF7) -> 0.53402539 | BM7: =BM$2*(Underlying*EXP(-DividendYield*TimeToExpiration)*_xlfn.NORM.DIST(BM$2*(LN(Underlying/$H7)+(RiskFreeRate-DividendYield+0.5*BK7^2)*TimeToExpiration)/(BK7*TimeToExpiration^0.5), 0, 1, TRUE) - $H7*EXP(-RiskFreeRate*TimeToExpiration)*_xlfn.NORM.DIST(BM$2*(LN(Underlying/$H7)+(RiskFreeRate-DividendYield-0.5*BK7^2)*TimeToExpiration)/(BK7*TimeToExpiration^0.5), 0, 1, TRUE) ) -> 39.993658 | BN7: =BN$2*(Underlying*EXP(-DividendYield*TimeToExpiration)*_xlfn.NORM.DIST(BN$2*(LN(Underlying/$H7)+(RiskFreeRate-DividendYield+0.5*BL7^2)*TimeToExpiration)/(BL7*TimeToExpiration^0.5), 0, 1, TRUE) - $H7*EXP(-RiskFreeRate*TimeToExpiration)*_xlfn.NORM.DIST(BN$2*(LN(Underlying/$H7)+(RiskFreeRate-DividendYield-0.5*BL7^2)*TimeToExpiration)/(BL7*TimeToExpiration^0.5), 0, 1, TRUE) ) -> 40.020708 | BO7: =(BK7+BL7)/2 -> 0.53109668 | BP7: =BP$2*(Underlying*EXP(-DividendYield*TimeToExpiration)*_xlfn.NORM.DIST(BP$2*(LN(Underlying/$H7)+(RiskFreeRate-DividendYield+0.5*BO7^2)*TimeToExpiration)/(BO7*TimeToExpiration^0.5), 0, 1, TRUE) - $H7*EXP(-RiskFreeRate*TimeToExpiration)*_xlfn.NORM.DIST(BP$2*(LN(Underlying/$H7)+(RiskFreeRate-DividendYield-0.5*BO7^2)*TimeToExpiration)/(BO7*TimeToExpiration^0.5), 0, 1, TRUE) ) -> 40.007082 | BQ7: =IF(BP7>$G7, BK7, BO7) -> 0.52816797 | BR7: =IF(BP7>$G7, BO7, BL7) -> 0.53109668 | BS7: =BS$2*(Underlying*EXP(-DividendYield*TimeToExpiration)*_xlfn.NORM.DIST(BS$2*(LN(Underlying/$H7)+(RiskFreeRate-DividendYield+0.5*BQ7^2)*TimeToExpiration)/(BQ7*TimeToExpiration^0.5), 0, 1, TRUE) - $H7*EXP(-RiskFreeRate*TimeToExpiration)*_xlfn.NORM.DIST(BS$2*(LN(Underlying/$H7)+(RiskFreeRate-DividendYield-0.5*BQ7^2)*TimeToExpiration)/(BQ7*TimeToExpiration^0.5), 0, 1, TRUE) ) -> 39.993658 | BT7: =BT$2*(Underlying*EXP(-DividendYield*TimeToExpiration)*_xlfn.NORM.DIST(BT$2*(LN(Underlying/$H7)+(RiskFreeRate-DividendYield+0.5*BR7^2)*TimeToExpiration)/(BR7*TimeToExpiration^0.5), 0, 1, TRUE) - $H7*EXP(-RiskFreeRate*TimeToExpiration)*_xlfn.NORM.DIST(BT$2*(LN(Underlying/$H7)+(RiskFreeRate-DividendYield-0.5*BR7^2)*TimeToExpiration)/(BR7*TimeToExpiration^0.5), 0, 1, TRUE) ) -> 40.007082 | BU7: =(BQ7+BR7)/2 -> 0.52963232 | BV7: =BV$2*(Underlying*EXP(-DividendYield*TimeToExpiration)*_xlfn.NORM.DIST(BV$2*(LN(Underlying/$H7)+(RiskFreeRate-DividendYield+0.5*BU7^2)*TimeToExpiration)/(BU7*TimeToExpiration^0.5), 0, 1, TRUE) - $H7*EXP(-RiskFreeRate*TimeToExpiration)*_xlfn.NORM.DIST(BV$2*(LN(Underlying/$H7)+(RiskFreeRate-DividendYield-0.5*BU7^2)*TimeToExpiration)/(BU7*TimeToExpiration^0.5), 0, 1, TRUE) ) -> 40.000345 | BW7: =IF(BV7>$G7, BQ7, BU7) -> 0.52816797 | BX7: =IF(BV7>$G7, BU7, BR7) -> 0.52963232 | BY7: =BY$2*(Underlying*EXP(-DividendYield*TimeToExpiration)*_xlfn.NORM.DIST(BY$2*(LN(Underlying/$H7)+(RiskFreeRate-DividendYield+0.5*BW7^2)*TimeToExpiration)/(BW7*TimeToExpiration^0.5), 0, 1, TRUE) - $H7*EXP(-RiskFreeRate*TimeToExpiration)*_xlfn.NORM.DIST(BY$2*(LN(Underlying/$H7)+(RiskFreeRate-DividendYield-0.5*BW7^2)*TimeToExpiration)/(BW7*TimeToExpiration^0.5), 0, 1, TRUE) ) -> 39.993658 | BZ7: =BZ$2*(Underlying*EXP(-DividendYield*TimeToExpiration)*_xlfn.NORM.DIST(BZ$2*(LN(Underlying/$H7)+(RiskFreeRate-DividendYield+0.5*BX7^2)*TimeToExpiration)/(BX7*TimeToExpiration^0.5), 0, 1, TRUE) - $H7*EXP(-RiskFreeRate*TimeToExpiration)*_xlfn.NORM.DIST(BZ$2*(LN(Underlying/$H7)+(RiskFreeRate-DividendYield-0.5*BX7^2)*TimeToExpiration)/(BX7*TimeToExpiration^0.5), 0, 1, TRUE) ) -> 40.000345 | CA7: =(BW7+BX7)/2 -> 0.52890015 | CB7: =CB$2*(Underlying*EXP(-DividendYield*TimeToExpiration)*_xlfn.NORM.DIST(CB$2*(LN(Underlying/$H7)+(RiskFreeRate-DividendYield+0.5*CA7^2)*TimeToExpiration)/(CA7*TimeToExpiration^0.5), 0, 1, TRUE) - $H7*EXP(-RiskFreeRate*TimeToExpiration)*_xlfn.NORM.DIST(CB$2*(LN(Underlying/$H7)+(RiskFreeRate-DividendYield-0.5*CA7^2)*TimeToExpiration)/(CA7*TimeToExpiration^0.5), 0, 1, TRUE) ) -> 39.996995 | CC7: =IF(CB7>$G7, BW7, CA7) -> 0.52890015 | CD7: =IF(CB7>$G7, CA7, BX7) -> 0.52963232 | CE7: =CE$2*(Underlying*EXP(-DividendYield*TimeToExpiration)*_xlfn.NORM.DIST(CE$2*(LN(Underlying/$H7)+(RiskFreeRate-DividendYield+0.5*CC7^2)*TimeToExpiration)/(CC7*TimeToExpiration^0.5), 0, 1, TRUE) - $H7*EXP(-RiskFreeRate*TimeToExpiration)*_xlfn.NORM.DIST(CE$2*(LN(Underlying/$H7)+(RiskFreeRate-DividendYield-0.5*CC7^2)*TimeToExpiration)/(CC7*TimeToExpiration^0.5), 0, 1, TRUE) ) -> 39.996995 | CF7: =CF$2*(Underlying*EXP(-DividendYield*TimeToExpiration)*_xlfn.NORM.DIST(CF$2*(LN(Underlying/$H7)+(RiskFreeRate-DividendYield+0.5*CD7^2)*TimeToExpiration)/(CD7*TimeToExpiration^0.5), 0, 1, TRUE) - $H7*EXP(-RiskFreeRate*TimeToExpiration)*_xlfn.NORM.DIST(CF$2*(LN(Underlying/$H7)+(RiskFreeRate-DividendYield-0.5*CD7^2)*TimeToExpiration)/(CD7*TimeToExpiration^0.5), 0, 1, TRUE) ) -> 40.000345 | CG7: =(CC7+CD7)/2 -> 0.52926624 | CH7: =CH$2*(Underlying*EXP(-DividendYield*TimeToExpiration)*_xlfn.NORM.DIST(CH$2*(LN(Underlying/$H7)+(RiskFreeRate-DividendYield+0.5*CG7^2)*TimeToExpiration)/(CG7*TimeToExpiration^0.5), 0, 1, TRUE) - $H7*EXP(-RiskFreeRate*TimeToExpiration)*_xlfn.NORM.DIST(CH$2*(LN(Underlying/$H7)+(RiskFreeRate-DividendYield-0.5*CG7^2)*TimeToExpiration)/(CG7*TimeToExpiration^0.5), 0, 1, TRUE) ) -> 39.998668 | CI7: =IF(CH7>$G7, CC7, CG7) -> 0.52926624 | CJ7: =IF(CH7>$G7, CG7, CD7) -> 0.52963232 | CK7: =CK$2*(Underlying*EXP(-DividendYield*TimeToExpiration)*_xlfn.NORM.DIST(CK$2*(LN(Underlying/$H7)+(RiskFreeRate-DividendYield+0.5*CI7^2)*TimeToExpiration)/(CI7*TimeToExpiration^0.5), 0, 1, TRUE) - $H7*EXP(-RiskFreeRate*TimeToExpiration)*_xlfn.NORM.DIST(CK$2*(LN(Underlying/$H7)+(RiskFreeRate-DividendYield-0.5*CI7^2)*TimeToExpiration)/(CI7*TimeToExpiration^0.5), 0, 1, TRUE) ) -> 39.998668 | CL7: =CL$2*(Underlying*EXP(-DividendYield*TimeToExpiration)*_xlfn.NORM.DIST(CL$2*(LN(Underlying/$H7)+(RiskFreeRate-DividendYield+0.5*CJ7^2)*TimeToExpiration)/(CJ7*TimeToExpiration^0.5), 0, 1, TRUE) - $H7*EXP(-RiskFreeRate*TimeToExpiration)*_xlfn.NORM.DIST(CL$2*(LN(Underlying/$H7)+(RiskFreeRate-DividendYield-0.5*CJ7^2)*TimeToExpiration)/(CJ7*TimeToExpiration^0.5), 0, 1, TRUE) ) -> 40.000345 | CM7: =(CI7+CJ7)/2 -> 0.52944928 | CN7: =CN$2*(Underlying*EXP(-DividendYield*TimeToExpiration)*_xlfn.NORM.DIST(CN$2*(LN(Underlying/$H7)+(RiskFreeRate-DividendYield+0.5*CM7^2)*TimeToExpiration)/(CM7*TimeToExpiration^0.5), 0, 1, TRUE) - $H7*EXP(-RiskFreeRate*TimeToExpiration)*_xlfn.NORM.DIST(CN$2*(LN(Underlying/$H7)+(RiskFreeRate-DividendYield-0.5*CM7^2)*TimeToExpiration)/(CM7*TimeToExpiration^0.5), 0, 1, TRUE) ) -> 39.999506 | CO7: =IF(CN7>$G7, CI7, CM7) -> 0.52944928 | CP7: =IF(CN7>$G7, CM7, CJ7) -> 0.52963232 | CQ7: =CQ$2*(Underlying*EXP(-DividendYield*TimeToExpiration)*_xlfn.NORM.DIST(CQ$2*(LN(Underlying/$H7)+(RiskFreeRate-DividendYield+0.5*CO7^2)*TimeToExpiration)/(CO7*TimeToExpiration^0.5), 0, 1, TRUE) - $H7*EXP(-RiskFreeRate*TimeToExpiration)*_xlfn.NORM.DIST(CQ$2*(LN(Underlying/$H7)+(RiskFreeRate-DividendYield-0.5*CO7^2)*TimeToExpiration)/(CO7*TimeToExpiration^0.5), 0, 1, TRUE) ) -> 39.999506 | CR7: =CR$2*(Underlying*EXP(-DividendYield*TimeToExpiration)*_xlfn.NORM.DIST(CR$2*(LN(Underlying/$H7)+(RiskFreeRate-DividendYield+0.5*CP7^2)*TimeToExpiration)/(CP7*TimeToExpiration^0.5), 0, 1, TRUE) - $H7*EXP(-RiskFreeRate*TimeToExpiration)*_xlfn.NORM.DIST(CR$2*(LN(Underlying/$H7)+(RiskFreeRate-DividendYield-0.5*CP7^2)*TimeToExpiration)/(CP7*TimeToExpiration^0.5), 0, 1, TRUE) ) -> 40.000345 | CS7: =(CO7+CP7)/2 -> 0.5295408 | CT7: =CT$2*(Underlying*EXP(-DividendYield*TimeToExpiration)*_xlfn.NORM.DIST(CT$2*(LN(Underlying/$H7)+(RiskFreeRate-DividendYield+0.5*CS7^2)*TimeToExpiration)/(CS7*TimeToExpiration^0.5), 0, 1, TRUE) - $H7*EXP(-RiskFreeRate*TimeToExpiration)*_xlfn.NORM.DIST(CT$2*(LN(Underlying/$H7)+(RiskFreeRate-DividendYield-0.5*CS7^2)*TimeToExpiration)/(CS7*TimeToExpiration^0.5), 0, 1, TRUE) ) -> 39.999925 | CU7: =IF(CT7>$G7, CO7, CS7) -> 0.5295408 | CV7: =IF(CT7>$G7, CS7, CP7) -> 0.52963232 | CW7: =CW$2*(Underlying*EXP(-DividendYield*TimeToExpiration)*_xlfn.NORM.DIST(CW$2*(LN(Underlying/$H7)+(RiskFreeRate-DividendYield+0.5*CU7^2)*TimeToExpiration)/(CU7*TimeToExpiration^0.5), 0, 1, TRUE) - $H7*EXP(-RiskFreeRate*TimeToExpiration)*_xlfn.NORM.DIST(CW$2*(LN(Underlying/$H7)+(RiskFreeRate-DividendYield-0.5*CU7^2)*TimeToExpiration)/(CU7*TimeToExpiration^0.5), 0, 1, TRUE) ) -> 39.999925 | CX7: =CX$2*(Underlying*EXP(-DividendYield*TimeToExpiration)*_xlfn.NORM.DIST(CX$2*(LN(Underlying/$H7)+(RiskFreeRate-DividendYield+0.5*CV7^2)*TimeToExpiration)/(CV7*TimeToExpiration^0.5), 0, 1, TRUE) - $H7*EXP(-RiskFreeRate*TimeToExpiration)*_xlfn.NORM.DIST(CX$2*(LN(Underlying/$H7)+(RiskFreeRate-DividendYield-0.5*CV7^2)*TimeToExpiration)/(CV7*TimeToExpiration^0.5), 0, 1, TRUE) ) -> 40.000345 | CY7: =(CU7+CV7)/2 -> 0.52958656 | CZ7: =CZ$2*(Underlying*EXP(-DividendYield*TimeToExpiration)*_xlfn.NORM.DIST(CZ$2*(LN(Underlying/$H7)+(RiskFreeRate-DividendYield+0.5*CY7^2)*TimeToExpiration)/(CY7*TimeToExpiration^0.5), 0, 1, TRUE) - $H7*EXP(-RiskFreeRate*TimeToExpiration)*_xlfn.NORM.DIST(CZ$2*(LN(Underlying/$H7)+(RiskFreeRate-DividendYield-0.5*CY7^2)*TimeToExpiration)/(CY7*TimeToExpiration^0.5), 0, 1, TRUE) ) -> 40.000135 | DA7: =IF(CZ7>$G7, CU7, CY7) -> 0.5295408 | DB7: =IF(CZ7>$G7, CY7, CV7) -> 0.52958656 | DC7: =DC$2*(Underlying*EXP(-DividendYield*TimeToExpiration)*_xlfn.NORM.DIST(DC$2*(LN(Underlying/$H7)+(RiskFreeRate-DividendYield+0.5*DA7^2)*TimeToExpiration)/(DA7*TimeToExpiration^0.5), 0, 1, TRUE) - $H7*EXP(-RiskFreeRate*TimeToExpiration)*_xlfn.NORM.DIST(DC$2*(LN(Underlying/$H7)+(RiskFreeRate-DividendYield-0.5*DA7^2)*TimeToExpiration)/(DA7*TimeToExpiration^0.5), 0, 1, TRUE) ) -> 39.999925 | DD7: =DD$2*(Underlying*EXP(-DividendYield*TimeToExpiration)*_xlfn.NORM.DIST(DD$2*(LN(Underlying/$H7)+(RiskFreeRate-DividendYield+0.5*DB7^2)*TimeToExpiration)/(DB7*TimeToExpiration^0.5), 0, 1, TRUE) - $H7*EXP(-RiskFreeRate*TimeToExpiration)*_xlfn.NORM.DIST(DD$2*(LN(Underlying/$H7)+(RiskFreeRate-DividendYield-0.5*DB7^2)*TimeToExpiration)/(DB7*TimeToExpiration^0.5), 0, 1, TRUE) ) -> 40.000135 | DE7: =(DA7+DB7)/2 -> 0.52956368 | DF7: =DF$2*(Underlying*EXP(-DividendYield*TimeToExpiration)*_xlfn.NORM.DIST(DF$2*(LN(Underlying/$H7)+(RiskFreeRate-DividendYield+0.5*DE7^2)*TimeToExpiration)/(DE7*TimeToExpiration^0.5), 0, 1, TRUE) - $H7*EXP(-RiskFreeRate*TimeToExpiration)*_xlfn.NORM.DIST(DF$2*(LN(Underlying/$H7)+(RiskFreeRate-DividendYield-0.5*DE7^2)*TimeToExpiration)/(DE7*TimeToExpiration^0.5), 0, 1, TRUE) ) -> 40.00003
A8: ='Option Mkt Data'!A8 -> 302.5 | B8: =DE8 -> 0.0010228806 | C8: =DF8 -> 37.01376 | D8: =ABS(C8-G8) -> 0.18875591 | E8: =D8/G8 -> 0.005125754 | F8: =D8/'Option Mkt Data'!L8 -> 0.077043326 | G8: ='Option Mkt Data'!J8 -> 36.825005 | H8: ='Option Mkt Data'!A8 -> 302.5 | I8: =MinSolverVola -> 0.001 | J8: =MaxSolverVola -> 3 | K8: =K$2*(Underlying*EXP(-DividendYield*TimeToExpiration)*_xlfn.NORM.DIST(K$2*(LN(Underlying/$H8)+(RiskFreeRate-DividendYield+0.5*I8^2)*TimeToExpiration)/(I8*TimeToExpiration^0.5), 0, 1, TRUE) - $H8*EXP(-RiskFreeRate*TimeToExpiration)*_xlfn.NORM.DIST(K$2*(LN(Underlying/$H8)+(RiskFreeRate-DividendYield-0.5*I8^2)*TimeToExpiration)/(I8*TimeToExpiration^0.5), 0, 1, TRUE) ) -> 37.01376 | L8: =L$2*(Underlying*EXP(-DividendYield*TimeToExpiration)*_xlfn.NORM.DIST(L$2*(LN(Underlying/$H8)+(RiskFreeRate-DividendYield+0.5*J8^2)*TimeToExpiration)/(J8*TimeToExpiration^0.5), 0, 1, TRUE) - $H8*EXP(-RiskFreeRate*TimeToExpiration)*_xlfn.NORM.DIST(L$2*(LN(Underlying/$H8)+(RiskFreeRate-DividendYield-0.5*J8^2)*TimeToExpiration)/(J8*TimeToExpiration^0.5), 0, 1, TRUE) ) -> 74.341102 | M8: =(I8+J8)/2 -> 1.5005 | N8: =N$2*(Underlying*EXP(-DividendYield*TimeToExpiration)*_xlfn.NORM.DIST(N$2*(LN(Underlying/$H8)+(RiskFreeRate-DividendYield+0.5*M8^2)*TimeToExpiration)/(M8*TimeToExpiration^0.5), 0, 1, TRUE) - $H8*EXP(-RiskFreeRate*TimeToExpiration)*_xlfn.NORM.DIST(N$2*(LN(Underlying/$H8)+(RiskFreeRate-DividendYield-0.5*M8^2)*TimeToExpiration)/(M8*TimeToExpiration^0.5), 0, 1, TRUE) ) -> 49.508012 | O8: =IF(N8>$G8, I8, M8) -> 0.001 | P8: =IF(N8>$G8, M8, J8) -> 1.5005 | Q8: =Q$2*(Underlying*EXP(-DividendYield*TimeToExpiration)*_xlfn.NORM.DIST(Q$2*(LN(Underlying/$H8)+(RiskFreeRate-DividendYield+0.5*O8^2)*TimeToExpiration)/(O8*TimeToExpiration^0.5), 0, 1, TRUE) - $H8*EXP(-RiskFreeRate*TimeToExpiration)*_xlfn.NORM.DIST(Q$2*(LN(Underlying/$H8)+(RiskFreeRate-DividendYield-0.5*O8^2)*TimeToExpiration)/(O8*TimeToExpiration^0.5), 0, 1, TRUE)) -> 37.01376 | R8: =R$2*(Underlying*EXP(-DividendYield*TimeToExpiration)*_xlfn.NORM.DIST(R$2*(LN(Underlying/$H8)+(RiskFreeRate-DividendYield+0.5*P8^2)*TimeToExpiration)/(P8*TimeToExpiration^0.5), 0, 1, TRUE) - $H8*EXP(-RiskFreeRate*TimeToExpiration)*_xlfn.NORM.DIST(R$2*(LN(Underlying/$H8)+(RiskFreeRate-DividendYield-0.5*P8^2)*TimeToExpiration)/(P8*TimeToExpiration^0.5), 0, 1, TRUE) ) -> 49.508012 | S8: =(O8+P8)/2 -> 0.75075 | T8: =T$2*(Underlying*EXP(-DividendYield*TimeToExpiration)*_xlfn.NORM.DIST(T$2*(LN(Underlying/$H8)+(RiskFreeRate-DividendYield+0.5*S8^2)*TimeToExpiration)/(S8*TimeToExpiration^0.5), 0, 1, TRUE) - $H8*EXP(-RiskFreeRate*TimeToExpiration)*_xlfn.NORM.DIST(T$2*(LN(Underlying/$H8)+(RiskFreeRate-DividendYield-0.5*S8^2)*TimeToExpiration)/(S8*TimeToExpiration^0.5), 0, 1, TRUE) ) -> 39.39938 | U8: =IF(T8>$G8, O8, S8) -> 0.001 | V8: =IF(T8>$G8, S8, P8) -> 0.75075 | W8: =W$2*(Underlying*EXP(-DividendYield*TimeToExpiration)*_xlfn.NORM.DIST(W$2*(LN(Underlying/$H8)+(RiskFreeRate-DividendYield+0.5*U8^2)*TimeToExpiration)/(U8*TimeToExpiration^0.5), 0, 1, TRUE) - $H8*EXP(-RiskFreeRate*TimeToExpiration)*_xlfn.NORM.DIST(W$2*(LN(Underlying/$H8)+(RiskFreeRate-DividendYield-0.5*U8^2)*TimeToExpiration)/(U8*TimeToExpiration^0.5), 0, 1, TRUE) ) -> 37.01376 | X8: =X$2*(Underlying*EXP(-DividendYield*TimeToExpiration)*_xlfn.NORM.DIST(X$2*(LN(Underlying/$H8)+(RiskFreeRate-DividendYield+0.5*V8^2)*TimeToExpiration)/(V8*TimeToExpiration^0.5), 0, 1, TRUE) - $H8*EXP(-RiskFreeRate*TimeToExpiration)*_xlfn.NORM.DIST(X$2*(LN(Underlying/$H8)+(RiskFreeRate-DividendYield-0.5*V8^2)*TimeToExpiration)/(V8*TimeToExpiration^0.5), 0, 1, TRUE) ) -> 39.39938 | Y8: =(U8+V8)/2 -> 0.375875 | Z8: =Z$2*(Underlying*EXP(-DividendYield*TimeToExpiration)*_xlfn.NORM.DIST(Z$2*(LN(Underlying/$H8)+(RiskFreeRate-DividendYield+0.5*Y8^2)*TimeToExpiration)/(Y8*TimeToExpiration^0.5), 0, 1, TRUE) - $H8*EXP(-RiskFreeRate*TimeToExpiration)*_xlfn.NORM.DIST(Z$2*(LN(Underlying/$H8)+(RiskFreeRate-DividendYield-0.5*Y8^2)*TimeToExpiration)/(Y8*TimeToExpiration^0.5), 0, 1, TRUE) ) -> 37.103412 | AA8: =IF(Z8>$G8, U8, Y8) -> 0.001 | AB8: =IF(Z8>$G8, Y8, V8) -> 0.375875 | AC8: =AC$2*(Underlying*EXP(-DividendYield*TimeToExpiration)*_xlfn.NORM.DIST(AC$2*(LN(Underlying/$H8)+(RiskFreeRate-DividendYield+0.5*AA8^2)*TimeToExpiration)/(AA8*TimeToExpiration^0.5), 0, 1, TRUE) - $H8*EXP(-RiskFreeRate*TimeToExpiration)*_xlfn.NORM.DIST(AC$2*(LN(Underlying/$H8)+(RiskFreeRate-DividendYield-0.5*AA8^2)*TimeToExpiration)/(AA8*TimeToExpiration^0.5), 0, 1, TRUE) ) -> 37.01376 | AD8: =AD$2*(Underlying*EXP(-DividendYield*TimeToExpiration)*_xlfn.NORM.DIST(AD$2*(LN(Underlying/$H8)+(RiskFreeRate-DividendYield+0.5*AB8^2)*TimeToExpiration)/(AB8*TimeToExpiration^0.5), 0, 1, TRUE) - $H8*EXP(-RiskFreeRate*TimeToExpiration)*_xlfn.NORM.DIST(AD$2*(LN(Underlying/$H8)+(RiskFreeRate-DividendYield-0.5*AB8^2)*TimeToExpiration)/(AB8*TimeToExpiration^0.5), 0, 1, TRUE) ) -> 37.103412 | AE8: =(AA8+AB8)/2 -> 0.1884375 | AF8: =AF$2*(Underlying*EXP(-DividendYield*TimeToExpiration)*_xlfn.NORM.DIST(AF$2*(LN(Underlying/$H8)+(RiskFreeRate-DividendYield+0.5*AE8^2)*TimeToExpiration)/(AE8*TimeToExpiration^0.5), 0, 1, TRUE) - $H8*EXP(-RiskFreeRate*TimeToExpiration)*_xlfn.NORM.DIST(AF$2*(LN(Underlying/$H8)+(RiskFreeRate-DividendYield-0.5*AE8^2)*TimeToExpiration)/(AE8*TimeToExpiration^0.5), 0, 1, TRUE) ) -> 37.013774 | AG8: =IF(AF8>$G8, AA8, AE8) -> 0.001 | AH8: =IF(AF8>$G8, AE8, AB8) -> 0.1884375 | AI8: =AI$2*(Underlying*EXP(-DividendYield*TimeToExpiration)*_xlfn.NORM.DIST(AI$2*(LN(Underlying/$H8)+(RiskFreeRate-DividendYield+0.5*AG8^2)*TimeToExpiration)/(AG8*TimeToExpiration^0.5), 0, 1, TRUE) - $H8*EXP(-RiskFreeRate*TimeToExpiration)*_xlfn.NORM.DIST(AI$2*(LN(Underlying/$H8)+(RiskFreeRate-DividendYield-0.5*AG8^2)*TimeToExpiration)/(AG8*TimeToExpiration^0.5), 0, 1, TRUE) ) -> 37.01376 | AJ8: =AJ$2*(Underlying*EXP(-DividendYield*TimeToExpiration)*_xlfn.NORM.DIST(AJ$2*(LN(Underlying/$H8)+(RiskFreeRate-DividendYield+0.5*AH8^2)*TimeToExpiration)/(AH8*TimeToExpiration^0.5), 0, 1, TRUE) - $H8*EXP(-RiskFreeRate*TimeToExpiration)*_xlfn.NORM.DIST(AJ$2*(LN(Underlying/$H8)+(RiskFreeRate-DividendYield-0.5*AH8^2)*TimeToExpiration)/(AH8*TimeToExpiration^0.5), 0, 1, TRUE) ) -> 37.013774 | AK8: =(AG8+AH8)/2 -> 0.09471875 | AL8: =AL$2*(Underlying*EXP(-DividendYield*TimeToExpiration)*_xlfn.NORM.DIST(AL$2*(LN(Underlying/$H8)+(RiskFreeRate-DividendYield+0.5*AK8^2)*TimeToExpiration)/(AK8*TimeToExpiration^0.5), 0, 1, TRUE) - $H8*EXP(-RiskFreeRate*TimeToExpiration)*_xlfn.NORM.DIST(AL$2*(LN(Underlying/$H8)+(RiskFreeRate-DividendYield-0.5*AK8^2)*TimeToExpiration)/(AK8*TimeToExpiration^0.5), 0, 1, TRUE) ) -> 37.01376 | AM8: =IF(AL8>$G8, AG8, AK8) -> 0.001 | AN8: =IF(AL8>$G8, AK8, AH8) -> 0.09471875 | AO8: =AO$2*(Underlying*EXP(-DividendYield*TimeToExpiration)*_xlfn.NORM.DIST(AO$2*(LN(Underlying/$H8)+(RiskFreeRate-DividendYield+0.5*AM8^2)*TimeToExpiration)/(AM8*TimeToExpiration^0.5), 0, 1, TRUE) - $H8*EXP(-RiskFreeRate*TimeToExpiration)*_xlfn.NORM.DIST(AO$2*(LN(Underlying/$H8)+(RiskFreeRate-DividendYield-0.5*AM8^2)*TimeToExpiration)/(AM8*TimeToExpiration^0.5), 0, 1, TRUE) ) -> 37.01376 | AP8: =AP$2*(Underlying*EXP(-DividendYield*TimeToExpiration)*_xlfn.NORM.DIST(AP$2*(LN(Underlying/$H8)+(RiskFreeRate-DividendYield+0.5*AN8^2)*TimeToExpiration)/(AN8*TimeToExpiration^0.5), 0, 1, TRUE) - $H8*EXP(-RiskFreeRate*TimeToExpiration)*_xlfn.NORM.DIST(AP$2*(LN(Underlying/$H8)+(RiskFreeRate-DividendYield-0.5*AN8^2)*TimeToExpiration)/(AN8*TimeToExpiration^0.5), 0, 1, TRUE) ) -> 37.01376 | AQ8: =(AM8+AN8)/2 -> 0.047859375 | AR8: =AR$2*(Underlying*EXP(-DividendYield*TimeToExpiration)*_xlfn.NORM.DIST(AR$2*(LN(Underlying/$H8)+(RiskFreeRate-DividendYield+0.5*AQ8^2)*TimeToExpiration)/(AQ8*TimeToExpiration^0.5), 0, 1, TRUE) - $H8*EXP(-RiskFreeRate*TimeToExpiration)*_xlfn.NORM.DIST(AR$2*(LN(Underlying/$H8)+(RiskFreeRate-DividendYield-0.5*AQ8^2)*TimeToExpiration)/(AQ8*TimeToExpiration^0.5), 0, 1, TRUE) ) -> 37.01376 | AS8: =IF(AR8>$G8, AM8, AQ8) -> 0.001 | AT8: =IF(AR8>$G8, AQ8, AN8) -> 0.047859375 | AU8: =AU$2*(Underlying*EXP(-DividendYield*TimeToExpiration)*_xlfn.NORM.DIST(AU$2*(LN(Underlying/$H8)+(RiskFreeRate-DividendYield+0.5*AS8^2)*TimeToExpiration)/(AS8*TimeToExpiration^0.5), 0, 1, TRUE) - $H8*EXP(-RiskFreeRate*TimeToExpiration)*_xlfn.NORM.DIST(AU$2*(LN(Underlying/$H8)+(RiskFreeRate-DividendYield-0.5*AS8^2)*TimeToExpiration)/(AS8*TimeToExpiration^0.5), 0, 1, TRUE) ) -> 37.01376 | AV8: =AV$2*(Underlying*EXP(-DividendYield*TimeToExpiration)*_xlfn.NORM.DIST(AV$2*(LN(Underlying/$H8)+(RiskFreeRate-DividendYield+0.5*AT8^2)*TimeToExpiration)/(AT8*TimeToExpiration^0.5), 0, 1, TRUE) - $H8*EXP(-RiskFreeRate*TimeToExpiration)*_xlfn.NORM.DIST(AV$2*(LN(Underlying/$H8)+(RiskFreeRate-DividendYield-0.5*AT8^2)*TimeToExpiration)/(AT8*TimeToExpiration^0.5), 0, 1, TRUE) ) -> 37.01376 | AW8: =(AS8+AT8)/2 -> 0.024429687 | AX8: =AX$2*(Underlying*EXP(-DividendYield*TimeToExpiration)*_xlfn.NORM.DIST(AX$2*(LN(Underlying/$H8)+(RiskFreeRate-DividendYield+0.5*AW8^2)*TimeToExpiration)/(AW8*TimeToExpiration^0.5), 0, 1, TRUE) - $H8*EXP(-RiskFreeRate*TimeToExpiration)*_xlfn.NORM.DIST(AX$2*(LN(Underlying/$H8)+(RiskFreeRate-DividendYield-0.5*AW8^2)*TimeToExpiration)/(AW8*TimeToExpiration^0.5), 0, 1, TRUE) ) -> 37.01376 | AY8: =IF(AX8>$G8, AS8, AW8) -> 0.001 | AZ8: =IF(AX8>$G8, AW8, AT8) -> 0.024429687 | BA8: =BA$2*(Underlying*EXP(-DividendYield*TimeToExpiration)*_xlfn.NORM.DIST(BA$2*(LN(Underlying/$H8)+(RiskFreeRate-DividendYield+0.5*AY8^2)*TimeToExpiration)/(AY8*TimeToExpiration^0.5), 0, 1, TRUE) - $H8*EXP(-RiskFreeRate*TimeToExpiration)*_xlfn.NORM.DIST(BA$2*(LN(Underlying/$H8)+(RiskFreeRate-DividendYield-0.5*AY8^2)*TimeToExpiration)/(AY8*TimeToExpiration^0.5), 0, 1, TRUE) ) -> 37.01376 | BB8: =BB$2*(Underlying*EXP(-DividendYield*TimeToExpiration)*_xlfn.NORM.DIST(BB$2*(LN(Underlying/$H8)+(RiskFreeRate-DividendYield+0.5*AZ8^2)*TimeToExpiration)/(AZ8*TimeToExpiration^0.5), 0, 1, TRUE) - $H8*EXP(-RiskFreeRate*TimeToExpiration)*_xlfn.NORM.DIST(BB$2*(LN(Underlying/$H8)+(RiskFreeRate-DividendYield-0.5*AZ8^2)*TimeToExpiration)/(AZ8*TimeToExpiration^0.5), 0, 1, TRUE) ) -> 37.01376 | BC8: =(AY8+AZ8)/2 -> 0.012714844 | BD8: =BD$2*(Underlying*EXP(-DividendYield*TimeToExpiration)*_xlfn.NORM.DIST(BD$2*(LN(Underlying/$H8)+(RiskFreeRate-DividendYield+0.5*BC8^2)*TimeToExpiration)/(BC8*TimeToExpiration^0.5), 0, 1, TRUE) - $H8*EXP(-RiskFreeRate*TimeToExpiration)*_xlfn.NORM.DIST(BD$2*(LN(Underlying/$H8)+(RiskFreeRate-DividendYield-0.5*BC8^2)*TimeToExpiration)/(BC8*TimeToExpiration^0.5), 0, 1, TRUE) ) -> 37.01376 | BE8: =IF(BD8>$G8, AY8, BC8) -> 0.001 | BF8: =IF(BD8>$G8, BC8, AZ8) -> 0.012714844 | BG8: =BG$2*(Underlying*EXP(-DividendYield*TimeToExpiration)*_xlfn.NORM.DIST(BG$2*(LN(Underlying/$H8)+(RiskFreeRate-DividendYield+0.5*BE8^2)*TimeToExpiration)/(BE8*TimeToExpiration^0.5), 0, 1, TRUE) - $H8*EXP(-RiskFreeRate*TimeToExpiration)*_xlfn.NORM.DIST(BG$2*(LN(Underlying/$H8)+(RiskFreeRate-DividendYield-0.5*BE8^2)*TimeToExpiration)/(BE8*TimeToExpiration^0.5), 0, 1, TRUE) ) -> 37.01376 | BH8: =BH$2*(Underlying*EXP(-DividendYield*TimeToExpiration)*_xlfn.NORM.DIST(BH$2*(LN(Underlying/$H8)+(RiskFreeRate-DividendYield+0.5*BF8^2)*TimeToExpiration)/(BF8*TimeToExpiration^0.5), 0, 1, TRUE) - $H8*EXP(-RiskFreeRate*TimeToExpiration)*_xlfn.NORM.DIST(BH$2*(LN(Underlying/$H8)+(RiskFreeRate-DividendYield-0.5*BF8^2)*TimeToExpiration)/(BF8*TimeToExpiration^0.5), 0, 1, TRUE) ) -> 37.01376 | BI8: =(BE8+BF8)/2 -> 0.0068574219 | BJ8: =BJ$2*(Underlying*EXP(-DividendYield*TimeToExpiration)*_xlfn.NORM.DIST(BJ$2*(LN(Underlying/$H8)+(RiskFreeRate-DividendYield+0.5*BI8^2)*TimeToExpiration)/(BI8*TimeToExpiration^0.5), 0, 1, TRUE) - $H8*EXP(-RiskFreeRate*TimeToExpiration)*_xlfn.NORM.DIST(BJ$2*(LN(Underlying/$H8)+(RiskFreeRate-DividendYield-0.5*BI8^2)*TimeToExpiration)/(BI8*TimeToExpiration^0.5), 0, 1, TRUE) ) -> 37.01376 | BK8: =IF(BJ8>$G8, BE8, BI8) -> 0.001 | BL8: =IF(BJ8>$G8, BI8, BF8) -> 0.0068574219 | BM8: =BM$2*(Underlying*EXP(-DividendYield*TimeToExpiration)*_xlfn.NORM.DIST(BM$2*(LN(Underlying/$H8)+(RiskFreeRate-DividendYield+0.5*BK8^2)*TimeToExpiration)/(BK8*TimeToExpiration^0.5), 0, 1, TRUE) - $H8*EXP(-RiskFreeRate*TimeToExpiration)*_xlfn.NORM.DIST(BM$2*(LN(Underlying/$H8)+(RiskFreeRate-DividendYield-0.5*BK8^2)*TimeToExpiration)/(BK8*TimeToExpiration^0.5), 0, 1, TRUE) ) -> 37.01376 | BN8: =BN$2*(Underlying*EXP(-DividendYield*TimeToExpiration)*_xlfn.NORM.DIST(BN$2*(LN(Underlying/$H8)+(RiskFreeRate-DividendYield+0.5*BL8^2)*TimeToExpiration)/(BL8*TimeToExpiration^0.5), 0, 1, TRUE) - $H8*EXP(-RiskFreeRate*TimeToExpiration)*_xlfn.NORM.DIST(BN$2*(LN(Underlying/$H8)+(RiskFreeRate-DividendYield-0.5*BL8^2)*TimeToExpiration)/(BL8*TimeToExpiration^0.5), 0, 1, TRUE) ) -> 37.01376 | BO8: =(BK8+BL8)/2 -> 0.0039287109 | BP8: =BP$2*(Underlying*EXP(-DividendYield*TimeToExpiration)*_xlfn.NORM.DIST(BP$2*(LN(Underlying/$H8)+(RiskFreeRate-DividendYield+0.5*BO8^2)*TimeToExpiration)/(BO8*TimeToExpiration^0.5), 0, 1, TRUE) - $H8*EXP(-RiskFreeRate*TimeToExpiration)*_xlfn.NORM.DIST(BP$2*(LN(Underlying/$H8)+(RiskFreeRate-DividendYield-0.5*BO8^2)*TimeToExpiration)/(BO8*TimeToExpiration^0.5), 0, 1, TRUE) ) -> 37.01376 | BQ8: =IF(BP8>$G8, BK8, BO8) -> 0.001 | BR8: =IF(BP8>$G8, BO8, BL8) -> 0.0039287109 | BS8: =BS$2*(Underlying*EXP(-DividendYield*TimeToExpiration)*_xlfn.NORM.DIST(BS$2*(LN(Underlying/$H8)+(RiskFreeRate-DividendYield+0.5*BQ8^2)*TimeToExpiration)/(BQ8*TimeToExpiration^0.5), 0, 1, TRUE) - $H8*EXP(-RiskFreeRate*TimeToExpiration)*_xlfn.NORM.DIST(BS$2*(LN(Underlying/$H8)+(RiskFreeRate-DividendYield-0.5*BQ8^2)*TimeToExpiration)/(BQ8*TimeToExpiration^0.5), 0, 1, TRUE) ) -> 37.01376 | BT8: =BT$2*(Underlying*EXP(-DividendYield*TimeToExpiration)*_xlfn.NORM.DIST(BT$2*(LN(Underlying/$H8)+(RiskFreeRate-DividendYield+0.5*BR8^2)*TimeToExpiration)/(BR8*TimeToExpiration^0.5), 0, 1, TRUE) - $H8*EXP(-RiskFreeRate*TimeToExpiration)*_xlfn.NORM.DIST(BT$2*(LN(Underlying/$H8)+(RiskFreeRate-DividendYield-0.5*BR8^2)*TimeToExpiration)/(BR8*TimeToExpiration^0.5), 0, 1, TRUE) ) -> 37.01376 | BU8: =(BQ8+BR8)/2 -> 0.0024643555 | BV8: =BV$2*(Underlying*EXP(-DividendYield*TimeToExpiration)*_xlfn.NORM.DIST(BV$2*(LN(Underlying/$H8)+(RiskFreeRate-DividendYield+0.5*BU8^2)*TimeToExpiration)/(BU8*TimeToExpiration^0.5), 0, 1, TRUE) - $H8*EXP(-RiskFreeRate*TimeToExpiration)*_xlfn.NORM.DIST(BV$2*(LN(Underlying/$H8)+(RiskFreeRate-DividendYield-0.5*BU8^2)*TimeToExpiration)/(BU8*TimeToExpiration^0.5), 0, 1, TRUE) ) -> 37.01376 | BW8: =IF(BV8>$G8, BQ8, BU8) -> 0.001 | BX8: =IF(BV8>$G8, BU8, BR8) -> 0.0024643555 | BY8: =BY$2*(Underlying*EXP(-DividendYield*TimeToExpiration)*_xlfn.NORM.DIST(BY$2*(LN(Underlying/$H8)+(RiskFreeRate-DividendYield+0.5*BW8^2)*TimeToExpiration)/(BW8*TimeToExpiration^0.5), 0, 1, TRUE) - $H8*EXP(-RiskFreeRate*TimeToExpiration)*_xlfn.NORM.DIST(BY$2*(LN(Underlying/$H8)+(RiskFreeRate-DividendYield-0.5*BW8^2)*TimeToExpiration)/(BW8*TimeToExpiration^0.5), 0, 1, TRUE) ) -> 37.01376 | BZ8: =BZ$2*(Underlying*EXP(-DividendYield*TimeToExpiration)*_xlfn.NORM.DIST(BZ$2*(LN(Underlying/$H8)+(RiskFreeRate-DividendYield+0.5*BX8^2)*TimeToExpiration)/(BX8*TimeToExpiration^0.5), 0, 1, TRUE) - $H8*EXP(-RiskFreeRate*TimeToExpiration)*_xlfn.NORM.DIST(BZ$2*(LN(Underlying/$H8)+(RiskFreeRate-DividendYield-0.5*BX8^2)*TimeToExpiration)/(BX8*TimeToExpiration^0.5), 0, 1, TRUE) ) -> 37.01376 | CA8: =(BW8+BX8)/2 -> 0.0017321777 | CB8: =CB$2*(Underlying*EXP(-DividendYield*TimeToExpiration)*_xlfn.NORM.DIST(CB$2*(LN(Underlying/$H8)+(RiskFreeRate-DividendYield+0.5*CA8^2)*TimeToExpiration)/(CA8*TimeToExpiration^0.5), 0, 1, TRUE) - $H8*EXP(-RiskFreeRate*TimeToExpiration)*_xlfn.NORM.DIST(CB$2*(LN(Underlying/$H8)+(RiskFreeRate-DividendYield-0.5*CA8^2)*TimeToExpiration)/(CA8*TimeToExpiration^0.5), 0, 1, TRUE) ) -> 37.01376 | CC8: =IF(CB8>$G8, BW8, CA8) -> 0.001 | CD8: =IF(CB8>$G8, CA8, BX8) -> 0.0017321777 | CE8: =CE$2*(Underlying*EXP(-DividendYield*TimeToExpiration)*_xlfn.NORM.DIST(CE$2*(LN(Underlying/$H8)+(RiskFreeRate-DividendYield+0.5*CC8^2)*TimeToExpiration)/(CC8*TimeToExpiration^0.5), 0, 1, TRUE) - $H8*EXP(-RiskFreeRate*TimeToExpiration)*_xlfn.NORM.DIST(CE$2*(LN(Underlying/$H8)+(RiskFreeRate-DividendYield-0.5*CC8^2)*TimeToExpiration)/(CC8*TimeToExpiration^0.5), 0, 1, TRUE) ) -> 37.01376 | CF8: =CF$2*(Underlying*EXP(-DividendYield*TimeToExpiration)*_xlfn.NORM.DIST(CF$2*(LN(Underlying/$H8)+(RiskFreeRate-DividendYield+0.5*CD8^2)*TimeToExpiration)/(CD8*TimeToExpiration^0.5), 0, 1, TRUE) - $H8*EXP(-RiskFreeRate*TimeToExpiration)*_xlfn.NORM.DIST(CF$2*(LN(Underlying/$H8)+(RiskFreeRate-DividendYield-0.5*CD8^2)*TimeToExpiration)/(CD8*TimeToExpiration^0.5), 0, 1, TRUE) ) -> 37.01376 | CG8: =(CC8+CD8)/2 -> 0.0013660889 | CH8: =CH$2*(Underlying*EXP(-DividendYield*TimeToExpiration)*_xlfn.NORM.DIST(CH$2*(LN(Underlying/$H8)+(RiskFreeRate-DividendYield+0.5*CG8^2)*TimeToExpiration)/(CG8*TimeToExpiration^0.5), 0, 1, TRUE) - $H8*EXP(-RiskFreeRate*TimeToExpiration)*_xlfn.NORM.DIST(CH$2*(LN(Underlying/$H8)+(RiskFreeRate-DividendYield-0.5*CG8^2)*TimeToExpiration)/(CG8*TimeToExpiration^0.5), 0, 1, TRUE) ) -> 37.01376 | CI8: =IF(CH8>$G8, CC8, CG8) -> 0.001 | CJ8: =IF(CH8>$G8, CG8, CD8) -> 0.0013660889 | CK8: =CK$2*(Underlying*EXP(-DividendYield*TimeToExpiration)*_xlfn.NORM.DIST(CK$2*(LN(Underlying/$H8)+(RiskFreeRate-DividendYield+0.5*CI8^2)*TimeToExpiration)/(CI8*TimeToExpiration^0.5), 0, 1, TRUE) - $H8*EXP(-RiskFreeRate*TimeToExpiration)*_xlfn.NORM.DIST(CK$2*(LN(Underlying/$H8)+(RiskFreeRate-DividendYield-0.5*CI8^2)*TimeToExpiration)/(CI8*TimeToExpiration^0.5), 0, 1, TRUE) ) -> 37.01376 | CL8: =CL$2*(Underlying*EXP(-DividendYield*TimeToExpiration)*_xlfn.NORM.DIST(CL$2*(LN(Underlying/$H8)+(RiskFreeRate-DividendYield+0.5*CJ8^2)*TimeToExpiration)/(CJ8*TimeToExpiration^0.5), 0, 1, TRUE) - $H8*EXP(-RiskFreeRate*TimeToExpiration)*_xlfn.NORM.DIST(CL$2*(LN(Underlying/$H8)+(RiskFreeRate-DividendYield-0.5*CJ8^2)*TimeToExpiration)/(CJ8*TimeToExpiration^0.5), 0, 1, TRUE) ) -> 37.01376 | CM8: =(CI8+CJ8)/2 -> 0.0011830444 | CN8: =CN$2*(Underlying*EXP(-DividendYield*TimeToExpiration)*_xlfn.NORM.DIST(CN$2*(LN(Underlying/$H8)+(RiskFreeRate-DividendYield+0.5*CM8^2)*TimeToExpiration)/(CM8*TimeToExpiration^0.5), 0, 1, TRUE) - $H8*EXP(-RiskFreeRate*TimeToExpiration)*_xlfn.NORM.DIST(CN$2*(LN(Underlying/$H8)+(RiskFreeRate-DividendYield-0.5*CM8^2)*TimeToExpiration)/(CM8*TimeToExpiration^0.5), 0, 1, TRUE) ) -> 37.01376 | CO8: =IF(CN8>$G8, CI8, CM8) -> 0.001 | CP8: =IF(CN8>$G8, CM8, CJ8) -> 0.0011830444 | CQ8: =CQ$2*(Underlying*EXP(-DividendYield*TimeToExpiration)*_xlfn.NORM.DIST(CQ$2*(LN(Underlying/$H8)+(RiskFreeRate-DividendYield+0.5*CO8^2)*TimeToExpiration)/(CO8*TimeToExpiration^0.5), 0, 1, TRUE) - $H8*EXP(-RiskFreeRate*TimeToExpiration)*_xlfn.NORM.DIST(CQ$2*(LN(Underlying/$H8)+(RiskFreeRate-DividendYield-0.5*CO8^2)*TimeToExpiration)/(CO8*TimeToExpiration^0.5), 0, 1, TRUE) ) -> 37.01376 | CR8: =CR$2*(Underlying*EXP(-DividendYield*TimeToExpiration)*_xlfn.NORM.DIST(CR$2*(LN(Underlying/$H8)+(RiskFreeRate-DividendYield+0.5*CP8^2)*TimeToExpiration)/(CP8*TimeToExpiration^0.5), 0, 1, TRUE) - $H8*EXP(-RiskFreeRate*TimeToExpiration)*_xlfn.NORM.DIST(CR$2*(LN(Underlying/$H8)+(RiskFreeRate-DividendYield-0.5*CP8^2)*TimeToExpiration)/(CP8*TimeToExpiration^0.5), 0, 1, TRUE) ) -> 37.01376 | CS8: =(CO8+CP8)/2 -> 0.0010915222 | CT8: =CT$2*(Underlying*EXP(-DividendYield*TimeToExpiration)*_xlfn.NORM.DIST(CT$2*(LN(Underlying/$H8)+(RiskFreeRate-DividendYield+0.5*CS8^2)*TimeToExpiration)/(CS8*TimeToExpiration^0.5), 0, 1, TRUE) - $H8*EXP(-RiskFreeRate*TimeToExpiration)*_xlfn.NORM.DIST(CT$2*(LN(Underlying/$H8)+(RiskFreeRate-DividendYield-0.5*CS8^2)*TimeToExpiration)/(CS8*TimeToExpiration^0.5), 0, 1, TRUE) ) -> 37.01376 | CU8: =IF(CT8>$G8, CO8, CS8) -> 0.001 | CV8: =IF(CT8>$G8, CS8, CP8) -> 0.0010915222 | CW8: =CW$2*(Underlying*EXP(-DividendYield*TimeToExpiration)*_xlfn.NORM.DIST(CW$2*(LN(Underlying/$H8)+(RiskFreeRate-DividendYield+0.5*CU8^2)*TimeToExpiration)/(CU8*TimeToExpiration^0.5), 0, 1, TRUE) - $H8*EXP(-RiskFreeRate*TimeToExpiration)*_xlfn.NORM.DIST(CW$2*(LN(Underlying/$H8)+(RiskFreeRate-DividendYield-0.5*CU8^2)*TimeToExpiration)/(CU8*TimeToExpiration^0.5), 0, 1, TRUE) ) -> 37.01376 | CX8: =CX$2*(Underlying*EXP(-DividendYield*TimeToExpiration)*_xlfn.NORM.DIST(CX$2*(LN(Underlying/$H8)+(RiskFreeRate-DividendYield+0.5*CV8^2)*TimeToExpiration)/(CV8*TimeToExpiration^0.5), 0, 1, TRUE) - $H8*EXP(-RiskFreeRate*TimeToExpiration)*_xlfn.NORM.DIST(CX$2*(LN(Underlying/$H8)+(RiskFreeRate-DividendYield-0.5*CV8^2)*TimeToExpiration)/(CV8*TimeToExpiration^0.5), 0, 1, TRUE) ) -> 37.01376 | CY8: =(CU8+CV8)/2 -> 0.0010457611 | CZ8: =CZ$2*(Underlying*EXP(-DividendYield*TimeToExpiration)*_xlfn.NORM.DIST(CZ$2*(LN(Underlying/$H8)+(RiskFreeRate-DividendYield+0.5*CY8^2)*TimeToExpiration)/(CY8*TimeToExpiration^0.5), 0, 1, TRUE) - $H8*EXP(-RiskFreeRate*TimeToExpiration)*_xlfn.NORM.DIST(CZ$2*(LN(Underlying/$H8)+(RiskFreeRate-DividendYield-0.5*CY8^2)*TimeToExpiration)/(CY8*TimeToExpiration^0.5), 0, 1, TRUE) ) -> 37.01376 | DA8: =IF(CZ8>$G8, CU8, CY8) -> 0.001 | DB8: =IF(CZ8>$G8, CY8, CV8) -> 0.0010457611 | DC8: =DC$2*(Underlying*EXP(-DividendYield*TimeToExpiration)*_xlfn.NORM.DIST(DC$2*(LN(Underlying/$H8)+(RiskFreeRate-DividendYield+0.5*DA8^2)*TimeToExpiration)/(DA8*TimeToExpiration^0.5), 0, 1, TRUE) - $H8*EXP(-RiskFreeRate*TimeToExpiration)*_xlfn.NORM.DIST(DC$2*(LN(Underlying/$H8)+(RiskFreeRate-DividendYield-0.5*DA8^2)*TimeToExpiration)/(DA8*TimeToExpiration^0.5), 0, 1, TRUE) ) -> 37.01376 | DD8: =DD$2*(Underlying*EXP(-DividendYield*TimeToExpiration)*_xlfn.NORM.DIST(DD$2*(LN(Underlying/$H8)+(RiskFreeRate-DividendYield+0.5*DB8^2)*TimeToExpiration)/(DB8*TimeToExpiration^0.5), 0, 1, TRUE) - $H8*EXP(-RiskFreeRate*TimeToExpiration)*_xlfn.NORM.DIST(DD$2*(LN(Underlying/$H8)+(RiskFreeRate-DividendYield-0.5*DB8^2)*TimeToExpiration)/(DB8*TimeToExpiration^0.5), 0, 1, TRUE) ) -> 37.01376 | DE8: =(DA8+DB8)/2 -> 0.0010228806 | DF8: =DF$2*(Underlying*EXP(-DividendYield*TimeToExpiration)*_xlfn.NORM.DIST(DF$2*(LN(Underlying/$H8)+(RiskFreeRate-DividendYield+0.5*DE8^2)*TimeToExpiration)/(DE8*TimeToExpiration^0.5), 0, 1, TRUE) - $H8*EXP(-RiskFreeRate*TimeToExpiration)*_xlfn.NORM.DIST(DF$2*(LN(Underlying/$H8)+(RiskFreeRate-DividendYield-0.5*DE8^2)*TimeToExpiration)/(DE8*TimeToExpiration^0.5), 0, 1, TRUE) ) -> 37.01376
A9: ='Option Mkt Data'!A9 -> 305 | B9: =DE9 -> 0.48540421 | C9: =DF9 -> 35.074966 | D9: =ABS(C9-G9) -> 3.8653809e-05 | E9: =D9/G9 -> 1.1020329e-06 | F9: =D9/'Option Mkt Data'!L9 -> 0.00011044234 | G9: ='Option Mkt Data'!J9 -> 35.075005 | H9: ='Option Mkt Data'!A9 -> 305 | I9: =MinSolverVola -> 0.001 | J9: =MaxSolverVola -> 3 | K9: =K$2*(Underlying*EXP(-DividendYield*TimeToExpiration)*_xlfn.NORM.DIST(K$2*(LN(Underlying/$H9)+(RiskFreeRate-DividendYield+0.5*I9^2)*TimeToExpiration)/(I9*TimeToExpiration^0.5), 0, 1, TRUE) - $H9*EXP(-RiskFreeRate*TimeToExpiration)*_xlfn.NORM.DIST(K$2*(LN(Underlying/$H9)+(RiskFreeRate-DividendYield-0.5*I9^2)*TimeToExpiration)/(I9*TimeToExpiration^0.5), 0, 1, TRUE) ) -> 34.51594 | L9: =L$2*(Underlying*EXP(-DividendYield*TimeToExpiration)*_xlfn.NORM.DIST(L$2*(LN(Underlying/$H9)+(RiskFreeRate-DividendYield+0.5*J9^2)*TimeToExpiration)/(J9*TimeToExpiration^0.5), 0, 1, TRUE) - $H9*EXP(-RiskFreeRate*TimeToExpiration)*_xlfn.NORM.DIST(L$2*(LN(Underlying/$H9)+(RiskFreeRate-DividendYield-0.5*J9^2)*TimeToExpiration)/(J9*TimeToExpiration^0.5), 0, 1, TRUE) ) -> 73.041911 | M9: =(I9+J9)/2 -> 1.5005 | N9: =N$2*(Underlying*EXP(-DividendYield*TimeToExpiration)*_xlfn.NORM.DIST(N$2*(LN(Underlying/$H9)+(RiskFreeRate-DividendYield+0.5*M9^2)*TimeToExpiration)/(M9*TimeToExpiration^0.5), 0, 1, TRUE) - $H9*EXP(-RiskFreeRate*TimeToExpiration)*_xlfn.NORM.DIST(N$2*(LN(Underlying/$H9)+(RiskFreeRate-DividendYield-0.5*M9^2)*TimeToExpiration)/(M9*TimeToExpiration^0.5), 0, 1, TRUE) ) -> 47.853561 | O9: =IF(N9>$G9, I9, M9) -> 0.001 | P9: =IF(N9>$G9, M9, J9) -> 1.5005 | Q9: =Q$2*(Underlying*EXP(-DividendYield*TimeToExpiration)*_xlfn.NORM.DIST(Q$2*(LN(Underlying/$H9)+(RiskFreeRate-DividendYield+0.5*O9^2)*TimeToExpiration)/(O9*TimeToExpiration^0.5), 0, 1, TRUE) - $H9*EXP(-RiskFreeRate*TimeToExpiration)*_xlfn.NORM.DIST(Q$2*(LN(Underlying/$H9)+(RiskFreeRate-DividendYield-0.5*O9^2)*TimeToExpiration)/(O9*TimeToExpiration^0.5), 0, 1, TRUE)) -> 34.51594 | R9: =R$2*(Underlying*EXP(-DividendYield*TimeToExpiration)*_xlfn.NORM.DIST(R$2*(LN(Underlying/$H9)+(RiskFreeRate-DividendYield+0.5*P9^2)*TimeToExpiration)/(P9*TimeToExpiration^0.5), 0, 1, TRUE) - $H9*EXP(-RiskFreeRate*TimeToExpiration)*_xlfn.NORM.DIST(R$2*(LN(Underlying/$H9)+(RiskFreeRate-DividendYield-0.5*P9^2)*TimeToExpiration)/(P9*TimeToExpiration^0.5), 0, 1, TRUE) ) -> 47.853561 | S9: =(O9+P9)/2 -> 0.75075 | T9: =T$2*(Underlying*EXP(-DividendYield*TimeToExpiration)*_xlfn.NORM.DIST(T$2*(LN(Underlying/$H9)+(RiskFreeRate-DividendYield+0.5*S9^2)*TimeToExpiration)/(S9*TimeToExpiration^0.5), 0, 1, TRUE) - $H9*EXP(-RiskFreeRate*TimeToExpiration)*_xlfn.NORM.DIST(T$2*(LN(Underlying/$H9)+(RiskFreeRate-DividendYield-0.5*S9^2)*TimeToExpiration)/(S9*TimeToExpiration^0.5), 0, 1, TRUE) ) -> 37.300257 | U9: =IF(T9>$G9, O9, S9) -> 0.001 | V9: =IF(T9>$G9, S9, P9) -> 0.75075 | W9: =W$2*(Underlying*EXP(-DividendYield*TimeToExpiration)*_xlfn.NORM.DIST(W$2*(LN(Underlying/$H9)+(RiskFreeRate-DividendYield+0.5*U9^2)*TimeToExpiration)/(U9*TimeToExpiration^0.5), 0, 1, TRUE) - $H9*EXP(-RiskFreeRate*TimeToExpiration)*_xlfn.NORM.DIST(W$2*(LN(Underlying/$H9)+(RiskFreeRate-DividendYield-0.5*U9^2)*TimeToExpiration)/(U9*TimeToExpiration^0.5), 0, 1, TRUE) ) -> 34.51594 | X9: =X$2*(Underlying*EXP(-DividendYield*TimeToExpiration)*_xlfn.NORM.DIST(X$2*(LN(Underlying/$H9)+(RiskFreeRate-DividendYield+0.5*V9^2)*TimeToExpiration)/(V9*TimeToExpiration^0.5), 0, 1, TRUE) - $H9*EXP(-RiskFreeRate*TimeToExpiration)*_xlfn.NORM.DIST(X$2*(LN(Underlying/$H9)+(RiskFreeRate-DividendYield-0.5*V9^2)*TimeToExpiration)/(V9*TimeToExpiration^0.5), 0, 1, TRUE) ) -> 37.300257 | Y9: =(U9+V9)/2 -> 0.375875 | Z9: =Z$2*(Underlying*EXP(-DividendYield*TimeToExpiration)*_xlfn.NORM.DIST(Z$2*(LN(Underlying/$H9)+(RiskFreeRate-DividendYield+0.5*Y9^2)*TimeToExpiration)/(Y9*TimeToExpiration^0.5), 0, 1, TRUE) - $H9*EXP(-RiskFreeRate*TimeToExpiration)*_xlfn.NORM.DIST(Z$2*(LN(Underlying/$H9)+(RiskFreeRate-DividendYield-0.5*Y9^2)*TimeToExpiration)/(Y9*TimeToExpiration^0.5), 0, 1, TRUE) ) -> 34.653933 | AA9: =IF(Z9>$G9, U9, Y9) -> 0.375875 | AB9: =IF(Z9>$G9, Y9, V9) -> 0.75075 | AC9: =AC$2*(Underlying*EXP(-DividendYield*TimeToExpiration)*_xlfn.NORM.DIST(AC$2*(LN(Underlying/$H9)+(RiskFreeRate-DividendYield+0.5*AA9^2)*TimeToExpiration)/(AA9*TimeToExpiration^0.5), 0, 1, TRUE) - $H9*EXP(-RiskFreeRate*TimeToExpiration)*_xlfn.NORM.DIST(AC$2*(LN(Underlying/$H9)+(RiskFreeRate-DividendYield-0.5*AA9^2)*TimeToExpiration)/(AA9*TimeToExpiration^0.5), 0, 1, TRUE) ) -> 34.653933 | AD9: =AD$2*(Underlying*EXP(-DividendYield*TimeToExpiration)*_xlfn.NORM.DIST(AD$2*(LN(Underlying/$H9)+(RiskFreeRate-DividendYield+0.5*AB9^2)*TimeToExpiration)/(AB9*TimeToExpiration^0.5), 0, 1, TRUE) - $H9*EXP(-RiskFreeRate*TimeToExpiration)*_xlfn.NORM.DIST(AD$2*(LN(Underlying/$H9)+(RiskFreeRate-DividendYield-0.5*AB9^2)*TimeToExpiration)/(AB9*TimeToExpiration^0.5), 0, 1, TRUE) ) -> 37.300257 | AE9: =(AA9+AB9)/2 -> 0.5633125 | AF9: =AF$2*(Underlying*EXP(-DividendYield*TimeToExpiration)*_xlfn.NORM.DIST(AF$2*(LN(Underlying/$H9)+(RiskFreeRate-DividendYield+0.5*AE9^2)*TimeToExpiration)/(AE9*TimeToExpiration^0.5), 0, 1, TRUE) - $H9*EXP(-RiskFreeRate*TimeToExpiration)*_xlfn.NORM.DIST(AF$2*(LN(Underlying/$H9)+(RiskFreeRate-DividendYield-0.5*AE9^2)*TimeToExpiration)/(AE9*TimeToExpiration^0.5), 0, 1, TRUE) ) -> 35.569834 | AG9: =IF(AF9>$G9, AA9, AE9) -> 0.375875 | AH9: =IF(AF9>$G9, AE9, AB9) -> 0.5633125 | AI9: =AI$2*(Underlying*EXP(-DividendYield*TimeToExpiration)*_xlfn.NORM.DIST(AI$2*(LN(Underlying/$H9)+(RiskFreeRate-DividendYield+0.5*AG9^2)*TimeToExpiration)/(AG9*TimeToExpiration^0.5), 0, 1, TRUE) - $H9*EXP(-RiskFreeRate*TimeToExpiration)*_xlfn.NORM.DIST(AI$2*(LN(Underlying/$H9)+(RiskFreeRate-DividendYield-0.5*AG9^2)*TimeToExpiration)/(AG9*TimeToExpiration^0.5), 0, 1, TRUE) ) -> 34.653933 | AJ9: =AJ$2*(Underlying*EXP(-DividendYield*TimeToExpiration)*_xlfn.NORM.DIST(AJ$2*(LN(Underlying/$H9)+(RiskFreeRate-DividendYield+0.5*AH9^2)*TimeToExpiration)/(AH9*TimeToExpiration^0.5), 0, 1, TRUE) - $H9*EXP(-RiskFreeRate*TimeToExpiration)*_xlfn.NORM.DIST(AJ$2*(LN(Underlying/$H9)+(RiskFreeRate-DividendYield-0.5*AH9^2)*TimeToExpiration)/(AH9*TimeToExpiration^0.5), 0, 1, TRUE) ) -> 35.569834 | AK9: =(AG9+AH9)/2 -> 0.46959375 | AL9: =AL$2*(Underlying*EXP(-DividendYield*TimeToExpiration)*_xlfn.NORM.DIST(AL$2*(LN(Underlying/$H9)+(RiskFreeRate-DividendYield+0.5*AK9^2)*TimeToExpiration)/(AK9*TimeToExpiration^0.5), 0, 1, TRUE) - $H9*EXP(-RiskFreeRate*TimeToExpiration)*_xlfn.NORM.DIST(AL$2*(LN(Underlying/$H9)+(RiskFreeRate-DividendYield-0.5*AK9^2)*TimeToExpiration)/(AK9*TimeToExpiration^0.5), 0, 1, TRUE) ) -> 34.993867 | AM9: =IF(AL9>$G9, AG9, AK9) -> 0.46959375 | AN9: =IF(AL9>$G9, AK9, AH9) -> 0.5633125 | AO9: =AO$2*(Underlying*EXP(-DividendYield*TimeToExpiration)*_xlfn.NORM.DIST(AO$2*(LN(Underlying/$H9)+(RiskFreeRate-DividendYield+0.5*AM9^2)*TimeToExpiration)/(AM9*TimeToExpiration^0.5), 0, 1, TRUE) - $H9*EXP(-RiskFreeRate*TimeToExpiration)*_xlfn.NORM.DIST(AO$2*(LN(Underlying/$H9)+(RiskFreeRate-DividendYield-0.5*AM9^2)*TimeToExpiration)/(AM9*TimeToExpiration^0.5), 0, 1, TRUE) ) -> 34.993867 | AP9: =AP$2*(Underlying*EXP(-DividendYield*TimeToExpiration)*_xlfn.NORM.DIST(AP$2*(LN(Underlying/$H9)+(RiskFreeRate-DividendYield+0.5*AN9^2)*TimeToExpiration)/(AN9*TimeToExpiration^0.5), 0, 1, TRUE) - $H9*EXP(-RiskFreeRate*TimeToExpiration)*_xlfn.NORM.DIST(AP$2*(LN(Underlying/$H9)+(RiskFreeRate-DividendYield-0.5*AN9^2)*TimeToExpiration)/(AN9*TimeToExpiration^0.5), 0, 1, TRUE) ) -> 35.569834 | AQ9: =(AM9+AN9)/2 -> 0.51645312 | AR9: =AR$2*(Underlying*EXP(-DividendYield*TimeToExpiration)*_xlfn.NORM.DIST(AR$2*(LN(Underlying/$H9)+(RiskFreeRate-DividendYield+0.5*AQ9^2)*TimeToExpiration)/(AQ9*TimeToExpiration^0.5), 0, 1, TRUE) - $H9*EXP(-RiskFreeRate*TimeToExpiration)*_xlfn.NORM.DIST(AR$2*(LN(Underlying/$H9)+(RiskFreeRate-DividendYield-0.5*AQ9^2)*TimeToExpiration)/(AQ9*TimeToExpiration^0.5), 0, 1, TRUE) ) -> 35.253653 | AS9: =IF(AR9>$G9, AM9, AQ9) -> 0.46959375 | AT9: =IF(AR9>$G9, AQ9, AN9) -> 0.51645312 | AU9: =AU$2*(Underlying*EXP(-DividendYield*TimeToExpiration)*_xlfn.NORM.DIST(AU$2*(LN(Underlying/$H9)+(RiskFreeRate-DividendYield+0.5*AS9^2)*TimeToExpiration)/(AS9*TimeToExpiration^0.5), 0, 1, TRUE) - $H9*EXP(-RiskFreeRate*TimeToExpiration)*_xlfn.NORM.DIST(AU$2*(LN(Underlying/$H9)+(RiskFreeRate-DividendYield-0.5*AS9^2)*TimeToExpiration)/(AS9*TimeToExpiration^0.5), 0, 1, TRUE) ) -> 34.993867 | AV9: =AV$2*(Underlying*EXP(-DividendYield*TimeToExpiration)*_xlfn.NORM.DIST(AV$2*(LN(Underlying/$H9)+(RiskFreeRate-DividendYield+0.5*AT9^2)*TimeToExpiration)/(AT9*TimeToExpiration^0.5), 0, 1, TRUE) - $H9*EXP(-RiskFreeRate*TimeToExpiration)*_xlfn.NORM.DIST(AV$2*(LN(Underlying/$H9)+(RiskFreeRate-DividendYield-0.5*AT9^2)*TimeToExpiration)/(AT9*TimeToExpiration^0.5), 0, 1, TRUE) ) -> 35.253653 | AW9: =(AS9+AT9)/2 -> 0.49302344 | AX9: =AX$2*(Underlying*EXP(-DividendYield*TimeToExpiration)*_xlfn.NORM.DIST(AX$2*(LN(Underlying/$H9)+(RiskFreeRate-DividendYield+0.5*AW9^2)*TimeToExpiration)/(AW9*TimeToExpiration^0.5), 0, 1, TRUE) - $H9*EXP(-RiskFreeRate*TimeToExpiration)*_xlfn.NORM.DIST(AX$2*(LN(Underlying/$H9)+(RiskFreeRate-DividendYield-0.5*AW9^2)*TimeToExpiration)/(AW9*TimeToExpiration^0.5), 0, 1, TRUE) ) -> 35.116455 | AY9: =IF(AX9>$G9, AS9, AW9) -> 0.46959375 | AZ9: =IF(AX9>$G9, AW9, AT9) -> 0.49302344 | BA9: =BA$2*(Underlying*EXP(-DividendYield*TimeToExpiration)*_xlfn.NORM.DIST(BA$2*(LN(Underlying/$H9)+(RiskFreeRate-DividendYield+0.5*AY9^2)*TimeToExpiration)/(AY9*TimeToExpiration^0.5), 0, 1, TRUE) - $H9*EXP(-RiskFreeRate*TimeToExpiration)*_xlfn.NORM.DIST(BA$2*(LN(Underlying/$H9)+(RiskFreeRate-DividendYield-0.5*AY9^2)*TimeToExpiration)/(AY9*TimeToExpiration^0.5), 0, 1, TRUE) ) -> 34.993867 | BB9: =BB$2*(Underlying*EXP(-DividendYield*TimeToExpiration)*_xlfn.NORM.DIST(BB$2*(LN(Underlying/$H9)+(RiskFreeRate-DividendYield+0.5*AZ9^2)*TimeToExpiration)/(AZ9*TimeToExpiration^0.5), 0, 1, TRUE) - $H9*EXP(-RiskFreeRate*TimeToExpiration)*_xlfn.NORM.DIST(BB$2*(LN(Underlying/$H9)+(RiskFreeRate-DividendYield-0.5*AZ9^2)*TimeToExpiration)/(AZ9*TimeToExpiration^0.5), 0, 1, TRUE) ) -> 35.116455 | BC9: =(AY9+AZ9)/2 -> 0.48130859 | BD9: =BD$2*(Underlying*EXP(-DividendYield*TimeToExpiration)*_xlfn.NORM.DIST(BD$2*(LN(Underlying/$H9)+(RiskFreeRate-DividendYield+0.5*BC9^2)*TimeToExpiration)/(BC9*TimeToExpiration^0.5), 0, 1, TRUE) - $H9*EXP(-RiskFreeRate*TimeToExpiration)*_xlfn.NORM.DIST(BD$2*(LN(Underlying/$H9)+(RiskFreeRate-DividendYield-0.5*BC9^2)*TimeToExpiration)/(BC9*TimeToExpiration^0.5), 0, 1, TRUE) ) -> 35.053308 | BE9: =IF(BD9>$G9, AY9, BC9) -> 0.48130859 | BF9: =IF(BD9>$G9, BC9, AZ9) -> 0.49302344 | BG9: =BG$2*(Underlying*EXP(-DividendYield*TimeToExpiration)*_xlfn.NORM.DIST(BG$2*(LN(Underlying/$H9)+(RiskFreeRate-DividendYield+0.5*BE9^2)*TimeToExpiration)/(BE9*TimeToExpiration^0.5), 0, 1, TRUE) - $H9*EXP(-RiskFreeRate*TimeToExpiration)*_xlfn.NORM.DIST(BG$2*(LN(Underlying/$H9)+(RiskFreeRate-DividendYield-0.5*BE9^2)*TimeToExpiration)/(BE9*TimeToExpiration^0.5), 0, 1, TRUE) ) -> 35.053308 | BH9: =BH$2*(Underlying*EXP(-DividendYield*TimeToExpiration)*_xlfn.NORM.DIST(BH$2*(LN(Underlying/$H9)+(RiskFreeRate-DividendYield+0.5*BF9^2)*TimeToExpiration)/(BF9*TimeToExpiration^0.5), 0, 1, TRUE) - $H9*EXP(-RiskFreeRate*TimeToExpiration)*_xlfn.NORM.DIST(BH$2*(LN(Underlying/$H9)+(RiskFreeRate-DividendYield-0.5*BF9^2)*TimeToExpiration)/(BF9*TimeToExpiration^0.5), 0, 1, TRUE) ) -> 35.116455 | BI9: =(BE9+BF9)/2 -> 0.48716602 | BJ9: =BJ$2*(Underlying*EXP(-DividendYield*TimeToExpiration)*_xlfn.NORM.DIST(BJ$2*(LN(Underlying/$H9)+(RiskFreeRate-DividendYield+0.5*BI9^2)*TimeToExpiration)/(BI9*TimeToExpiration^0.5), 0, 1, TRUE) - $H9*EXP(-RiskFreeRate*TimeToExpiration)*_xlfn.NORM.DIST(BJ$2*(LN(Underlying/$H9)+(RiskFreeRate-DividendYield-0.5*BI9^2)*TimeToExpiration)/(BI9*TimeToExpiration^0.5), 0, 1, TRUE) ) -> 35.084421 | BK9: =IF(BJ9>$G9, BE9, BI9) -> 0.48130859 | BL9: =IF(BJ9>$G9, BI9, BF9) -> 0.48716602 | BM9: =BM$2*(Underlying*EXP(-DividendYield*TimeToExpiration)*_xlfn.NORM.DIST(BM$2*(LN(Underlying/$H9)+(RiskFreeRate-DividendYield+0.5*BK9^2)*TimeToExpiration)/(BK9*TimeToExpiration^0.5), 0, 1, TRUE) - $H9*EXP(-RiskFreeRate*TimeToExpiration)*_xlfn.NORM.DIST(BM$2*(LN(Underlying/$H9)+(RiskFreeRate-DividendYield-0.5*BK9^2)*TimeToExpiration)/(BK9*TimeToExpiration^0.5), 0, 1, TRUE) ) -> 35.053308 | BN9: =BN$2*(Underlying*EXP(-DividendYield*TimeToExpiration)*_xlfn.NORM.DIST(BN$2*(LN(Underlying/$H9)+(RiskFreeRate-DividendYield+0.5*BL9^2)*TimeToExpiration)/(BL9*TimeToExpiration^0.5), 0, 1, TRUE) - $H9*EXP(-RiskFreeRate*TimeToExpiration)*_xlfn.NORM.DIST(BN$2*(LN(Underlying/$H9)+(RiskFreeRate-DividendYield-0.5*BL9^2)*TimeToExpiration)/(BL9*TimeToExpiration^0.5), 0, 1, TRUE) ) -> 35.084421 | BO9: =(BK9+BL9)/2 -> 0.4842373 | BP9: =BP$2*(Underlying*EXP(-DividendYield*TimeToExpiration)*_xlfn.NORM.DIST(BP$2*(LN(Underlying/$H9)+(RiskFreeRate-DividendYield+0.5*BO9^2)*TimeToExpiration)/(BO9*TimeToExpiration^0.5), 0, 1, TRUE) - $H9*EXP(-RiskFreeRate*TimeToExpiration)*_xlfn.NORM.DIST(BP$2*(LN(Underlying/$H9)+(RiskFreeRate-DividendYield-0.5*BO9^2)*TimeToExpiration)/(BO9*TimeToExpiration^0.5), 0, 1, TRUE) ) -> 35.068749 | BQ9: =IF(BP9>$G9, BK9, BO9) -> 0.4842373 | BR9: =IF(BP9>$G9, BO9, BL9) -> 0.48716602 | BS9: =BS$2*(Underlying*EXP(-DividendYield*TimeToExpiration)*_xlfn.NORM.DIST(BS$2*(LN(Underlying/$H9)+(RiskFreeRate-DividendYield+0.5*BQ9^2)*TimeToExpiration)/(BQ9*TimeToExpiration^0.5), 0, 1, TRUE) - $H9*EXP(-RiskFreeRate*TimeToExpiration)*_xlfn.NORM.DIST(BS$2*(LN(Underlying/$H9)+(RiskFreeRate-DividendYield-0.5*BQ9^2)*TimeToExpiration)/(BQ9*TimeToExpiration^0.5), 0, 1, TRUE) ) -> 35.068749 | BT9: =BT$2*(Underlying*EXP(-DividendYield*TimeToExpiration)*_xlfn.NORM.DIST(BT$2*(LN(Underlying/$H9)+(RiskFreeRate-DividendYield+0.5*BR9^2)*TimeToExpiration)/(BR9*TimeToExpiration^0.5), 0, 1, TRUE) - $H9*EXP(-RiskFreeRate*TimeToExpiration)*_xlfn.NORM.DIST(BT$2*(LN(Underlying/$H9)+(RiskFreeRate-DividendYield-0.5*BR9^2)*TimeToExpiration)/(BR9*TimeToExpiration^0.5), 0, 1, TRUE) ) -> 35.084421 | BU9: =(BQ9+BR9)/2 -> 0.48570166 | BV9: =BV$2*(Underlying*EXP(-DividendYield*TimeToExpiration)*_xlfn.NORM.DIST(BV$2*(LN(Underlying/$H9)+(RiskFreeRate-DividendYield+0.5*BU9^2)*TimeToExpiration)/(BU9*TimeToExpiration^0.5), 0, 1, TRUE) - $H9*EXP(-RiskFreeRate*TimeToExpiration)*_xlfn.NORM.DIST(BV$2*(LN(Underlying/$H9)+(RiskFreeRate-DividendYield-0.5*BU9^2)*TimeToExpiration)/(BU9*TimeToExpiration^0.5), 0, 1, TRUE) ) -> 35.076556 | BW9: =IF(BV9>$G9, BQ9, BU9) -> 0.4842373 | BX9: =IF(BV9>$G9, BU9, BR9) -> 0.48570166 | BY9: =BY$2*(Underlying*EXP(-DividendYield*TimeToExpiration)*_xlfn.NORM.DIST(BY$2*(LN(Underlying/$H9)+(RiskFreeRate-DividendYield+0.5*BW9^2)*TimeToExpiration)/(BW9*TimeToExpiration^0.5), 0, 1, TRUE) - $H9*EXP(-RiskFreeRate*TimeToExpiration)*_xlfn.NORM.DIST(BY$2*(LN(Underlying/$H9)+(RiskFreeRate-DividendYield-0.5*BW9^2)*TimeToExpiration)/(BW9*TimeToExpiration^0.5), 0, 1, TRUE) ) -> 35.068749 | BZ9: =BZ$2*(Underlying*EXP(-DividendYield*TimeToExpiration)*_xlfn.NORM.DIST(BZ$2*(LN(Underlying/$H9)+(RiskFreeRate-DividendYield+0.5*BX9^2)*TimeToExpiration)/(BX9*TimeToExpiration^0.5), 0, 1, TRUE) - $H9*EXP(-RiskFreeRate*TimeToExpiration)*_xlfn.NORM.DIST(BZ$2*(LN(Underlying/$H9)+(RiskFreeRate-DividendYield-0.5*BX9^2)*TimeToExpiration)/(BX9*TimeToExpiration^0.5), 0, 1, TRUE) ) -> 35.076556 | CA9: =(BW9+BX9)/2 -> 0.48496948 | CB9: =CB$2*(Underlying*EXP(-DividendYield*TimeToExpiration)*_xlfn.NORM.DIST(CB$2*(LN(Underlying/$H9)+(RiskFreeRate-DividendYield+0.5*CA9^2)*TimeToExpiration)/(CA9*TimeToExpiration^0.5), 0, 1, TRUE) - $H9*EXP(-RiskFreeRate*TimeToExpiration)*_xlfn.NORM.DIST(CB$2*(LN(Underlying/$H9)+(RiskFreeRate-DividendYield-0.5*CA9^2)*TimeToExpiration)/(CA9*TimeToExpiration^0.5), 0, 1, TRUE) ) -> 35.072646 | CC9: =IF(CB9>$G9, BW9, CA9) -> 0.48496948 | CD9: =IF(CB9>$G9, CA9, BX9) -> 0.48570166 | CE9: =CE$2*(Underlying*EXP(-DividendYield*TimeToExpiration)*_xlfn.NORM.DIST(CE$2*(LN(Underlying/$H9)+(RiskFreeRate-DividendYield+0.5*CC9^2)*TimeToExpiration)/(CC9*TimeToExpiration^0.5), 0, 1, TRUE) - $H9*EXP(-RiskFreeRate*TimeToExpiration)*_xlfn.NORM.DIST(CE$2*(LN(Underlying/$H9)+(RiskFreeRate-DividendYield-0.5*CC9^2)*TimeToExpiration)/(CC9*TimeToExpiration^0.5), 0, 1, TRUE) ) -> 35.072646 | CF9: =CF$2*(Underlying*EXP(-DividendYield*TimeToExpiration)*_xlfn.NORM.DIST(CF$2*(LN(Underlying/$H9)+(RiskFreeRate-DividendYield+0.5*CD9^2)*TimeToExpiration)/(CD9*TimeToExpiration^0.5), 0, 1, TRUE) - $H9*EXP(-RiskFreeRate*TimeToExpiration)*_xlfn.NORM.DIST(CF$2*(LN(Underlying/$H9)+(RiskFreeRate-DividendYield-0.5*CD9^2)*TimeToExpiration)/(CD9*TimeToExpiration^0.5), 0, 1, TRUE) ) -> 35.076556 | CG9: =(CC9+CD9)/2 -> 0.48533557 | CH9: =CH$2*(Underlying*EXP(-DividendYield*TimeToExpiration)*_xlfn.NORM.DIST(CH$2*(LN(Underlying/$H9)+(RiskFreeRate-DividendYield+0.5*CG9^2)*TimeToExpiration)/(CG9*TimeToExpiration^0.5), 0, 1, TRUE) - $H9*EXP(-RiskFreeRate*TimeToExpiration)*_xlfn.NORM.DIST(CH$2*(LN(Underlying/$H9)+(RiskFreeRate-DividendYield-0.5*CG9^2)*TimeToExpiration)/(CG9*TimeToExpiration^0.5), 0, 1, TRUE) ) -> 35.074599 | CI9: =IF(CH9>$G9, CC9, CG9) -> 0.48533557 | CJ9: =IF(CH9>$G9, CG9, CD9) -> 0.48570166 | CK9: =CK$2*(Underlying*EXP(-DividendYield*TimeToExpiration)*_xlfn.NORM.DIST(CK$2*(LN(Underlying/$H9)+(RiskFreeRate-DividendYield+0.5*CI9^2)*TimeToExpiration)/(CI9*TimeToExpiration^0.5), 0, 1, TRUE) - $H9*EXP(-RiskFreeRate*TimeToExpiration)*_xlfn.NORM.DIST(CK$2*(LN(Underlying/$H9)+(RiskFreeRate-DividendYield-0.5*CI9^2)*TimeToExpiration)/(CI9*TimeToExpiration^0.5), 0, 1, TRUE) ) -> 35.074599 | CL9: =CL$2*(Underlying*EXP(-DividendYield*TimeToExpiration)*_xlfn.NORM.DIST(CL$2*(LN(Underlying/$H9)+(RiskFreeRate-DividendYield+0.5*CJ9^2)*TimeToExpiration)/(CJ9*TimeToExpiration^0.5), 0, 1, TRUE) - $H9*EXP(-RiskFreeRate*TimeToExpiration)*_xlfn.NORM.DIST(CL$2*(LN(Underlying/$H9)+(RiskFreeRate-DividendYield-0.5*CJ9^2)*TimeToExpiration)/(CJ9*TimeToExpiration^0.5), 0, 1, TRUE) ) -> 35.076556 | CM9: =(CI9+CJ9)/2 -> 0.48551862 | CN9: =CN$2*(Underlying*EXP(-DividendYield*TimeToExpiration)*_xlfn.NORM.DIST(CN$2*(LN(Underlying/$H9)+(RiskFreeRate-DividendYield+0.5*CM9^2)*TimeToExpiration)/(CM9*TimeToExpiration^0.5), 0, 1, TRUE) - $H9*EXP(-RiskFreeRate*TimeToExpiration)*_xlfn.NORM.DIST(CN$2*(LN(Underlying/$H9)+(RiskFreeRate-DividendYield-0.5*CM9^2)*TimeToExpiration)/(CM9*TimeToExpiration^0.5), 0, 1, TRUE) ) -> 35.075577 | CO9: =IF(CN9>$G9, CI9, CM9) -> 0.48533557 | CP9: =IF(CN9>$G9, CM9, CJ9) -> 0.48551862 | CQ9: =CQ$2*(Underlying*EXP(-DividendYield*TimeToExpiration)*_xlfn.NORM.DIST(CQ$2*(LN(Underlying/$H9)+(RiskFreeRate-DividendYield+0.5*CO9^2)*TimeToExpiration)/(CO9*TimeToExpiration^0.5), 0, 1, TRUE) - $H9*EXP(-RiskFreeRate*TimeToExpiration)*_xlfn.NORM.DIST(CQ$2*(LN(Underlying/$H9)+(RiskFreeRate-DividendYield-0.5*CO9^2)*TimeToExpiration)/(CO9*TimeToExpiration^0.5), 0, 1, TRUE) ) -> 35.074599 | CR9: =CR$2*(Underlying*EXP(-DividendYield*TimeToExpiration)*_xlfn.NORM.DIST(CR$2*(LN(Underlying/$H9)+(RiskFreeRate-DividendYield+0.5*CP9^2)*TimeToExpiration)/(CP9*TimeToExpiration^0.5), 0, 1, TRUE) - $H9*EXP(-RiskFreeRate*TimeToExpiration)*_xlfn.NORM.DIST(CR$2*(LN(Underlying/$H9)+(RiskFreeRate-DividendYield-0.5*CP9^2)*TimeToExpiration)/(CP9*TimeToExpiration^0.5), 0, 1, TRUE) ) -> 35.075577 | CS9: =(CO9+CP9)/2 -> 0.48542709 | CT9: =CT$2*(Underlying*EXP(-DividendYield*TimeToExpiration)*_xlfn.NORM.DIST(CT$2*(LN(Underlying/$H9)+(RiskFreeRate-DividendYield+0.5*CS9^2)*TimeToExpiration)/(CS9*TimeToExpiration^0.5), 0, 1, TRUE) - $H9*EXP(-RiskFreeRate*TimeToExpiration)*_xlfn.NORM.DIST(CT$2*(LN(Underlying/$H9)+(RiskFreeRate-DividendYield-0.5*CS9^2)*TimeToExpiration)/(CS9*TimeToExpiration^0.5), 0, 1, TRUE) ) -> 35.075088 | CU9: =IF(CT9>$G9, CO9, CS9) -> 0.48533557 | CV9: =IF(CT9>$G9, CS9, CP9) -> 0.48542709 | CW9: =CW$2*(Underlying*EXP(-DividendYield*TimeToExpiration)*_xlfn.NORM.DIST(CW$2*(LN(Underlying/$H9)+(RiskFreeRate-DividendYield+0.5*CU9^2)*TimeToExpiration)/(CU9*TimeToExpiration^0.5), 0, 1, TRUE) - $H9*EXP(-RiskFreeRate*TimeToExpiration)*_xlfn.NORM.DIST(CW$2*(LN(Underlying/$H9)+(RiskFreeRate-DividendYield-0.5*CU9^2)*TimeToExpiration)/(CU9*TimeToExpiration^0.5), 0, 1, TRUE) ) -> 35.074599 | CX9: =CX$2*(Underlying*EXP(-DividendYield*TimeToExpiration)*_xlfn.NORM.DIST(CX$2*(LN(Underlying/$H9)+(RiskFreeRate-DividendYield+0.5*CV9^2)*TimeToExpiration)/(CV9*TimeToExpiration^0.5), 0, 1, TRUE) - $H9*EXP(-RiskFreeRate*TimeToExpiration)*_xlfn.NORM.DIST(CX$2*(LN(Underlying/$H9)+(RiskFreeRate-DividendYield-0.5*CV9^2)*TimeToExpiration)/(CV9*TimeToExpiration^0.5), 0, 1, TRUE) ) -> 35.075088 | CY9: =(CU9+CV9)/2 -> 0.48538133 | CZ9: =CZ$2*(Underlying*EXP(-DividendYield*TimeToExpiration)*_xlfn.NORM.DIST(CZ$2*(LN(Underlying/$H9)+(RiskFreeRate-DividendYield+0.5*CY9^2)*TimeToExpiration)/(CY9*TimeToExpiration^0.5), 0, 1, TRUE) - $H9*EXP(-RiskFreeRate*TimeToExpiration)*_xlfn.NORM.DIST(CZ$2*(LN(Underlying/$H9)+(RiskFreeRate-DividendYield-0.5*CY9^2)*TimeToExpiration)/(CY9*TimeToExpiration^0.5), 0, 1, TRUE) ) -> 35.074844 | DA9: =IF(CZ9>$G9, CU9, CY9) -> 0.48538133 | DB9: =IF(CZ9>$G9, CY9, CV9) -> 0.48542709 | DC9: =DC$2*(Underlying*EXP(-DividendYield*TimeToExpiration)*_xlfn.NORM.DIST(DC$2*(LN(Underlying/$H9)+(RiskFreeRate-DividendYield+0.5*DA9^2)*TimeToExpiration)/(DA9*TimeToExpiration^0.5), 0, 1, TRUE) - $H9*EXP(-RiskFreeRate*TimeToExpiration)*_xlfn.NORM.DIST(DC$2*(LN(Underlying/$H9)+(RiskFreeRate-DividendYield-0.5*DA9^2)*TimeToExpiration)/(DA9*TimeToExpiration^0.5), 0, 1, TRUE) ) -> 35.074844 | DD9: =DD$2*(Underlying*EXP(-DividendYield*TimeToExpiration)*_xlfn.NORM.DIST(DD$2*(LN(Underlying/$H9)+(RiskFreeRate-DividendYield+0.5*DB9^2)*TimeToExpiration)/(DB9*TimeToExpiration^0.5), 0, 1, TRUE) - $H9*EXP(-RiskFreeRate*TimeToExpiration)*_xlfn.NORM.DIST(DD$2*(LN(Underlying/$H9)+(RiskFreeRate-DividendYield-0.5*DB9^2)*TimeToExpiration)/(DB9*TimeToExpiration^0.5), 0, 1, TRUE) ) -> 35.075088 | DE9: =(DA9+DB9)/2 -> 0.48540421 | DF9: =DF$2*(Underlying*EXP(-DividendYield*TimeToExpiration)*_xlfn.NORM.DIST(DF$2*(LN(Underlying/$H9)+(RiskFreeRate-DividendYield+0.5*DE9^2)*TimeToExpiration)/(DE9*TimeToExpiration^0.5), 0, 1, TRUE) - $H9*EXP(-RiskFreeRate*TimeToExpiration)*_xlfn.NORM.DIST(DF$2*(LN(Underlying/$H9)+(RiskFreeRate-DividendYield-0.5*DE9^2)*TimeToExpiration)/(DE9*TimeToExpiration^0.5), 0, 1, TRUE) ) -> 35.074966
A10: ='Option Mkt Data'!A10 -> 307.5 | B10: =DE10 -> 0.24483807 | C10: =DF10 -> 32.024988 | D10: =ABS(C10-G10) -> 5.5927518e-06 | E10: =D10/G10 -> 1.7463709e-07 | F10: =D10/'Option Mkt Data'!L10 -> 1.6694751e-06 | G10: ='Option Mkt Data'!J10 -> 32.024994 | H10: ='Option Mkt Data'!A10 -> 307.5 | I10: =MinSolverVola -> 0.001 | J10: =MaxSolverVola -> 3 | K10: =K$2*(Underlying*EXP(-DividendYield*TimeToExpiration)*_xlfn.NORM.DIST(K$2*(LN(Underlying/$H10)+(RiskFreeRate-DividendYield+0.5*I10^2)*TimeToExpiration)/(I10*TimeToExpiration^0.5), 0, 1, TRUE) - $H10*EXP(-RiskFreeRate*TimeToExpiration)*_xlfn.NORM.DIST(K$2*(LN(Underlying/$H10)+(RiskFreeRate-DividendYield-0.5*I10^2)*TimeToExpiration)/(I10*TimeToExpiration^0.5), 0, 1, TRUE) ) -> 32.01812 | L10: =L$2*(Underlying*EXP(-DividendYield*TimeToExpiration)*_xlfn.NORM.DIST(L$2*(LN(Underlying/$H10)+(RiskFreeRate-DividendYield+0.5*J10^2)*TimeToExpiration)/(J10*TimeToExpiration^0.5), 0, 1, TRUE) - $H10*EXP(-RiskFreeRate*TimeToExpiration)*_xlfn.NORM.DIST(L$2*(LN(Underlying/$H10)+(RiskFreeRate-DividendYield-0.5*J10^2)*TimeToExpiration)/(J10*TimeToExpiration^0.5), 0, 1, TRUE) ) -> 71.761956 | M10: =(I10+J10)/2 -> 1.5005 | N10: =N$2*(Underlying*EXP(-DividendYield*TimeToExpiration)*_xlfn.NORM.DIST(N$2*(LN(Underlying/$H10)+(RiskFreeRate-DividendYield+0.5*M10^2)*TimeToExpiration)/(M10*TimeToExpiration^0.5), 0, 1, TRUE) - $H10*EXP(-RiskFreeRate*TimeToExpiration)*_xlfn.NORM.DIST(N$2*(LN(Underlying/$H10)+(RiskFreeRate-DividendYield-0.5*M10^2)*TimeToExpiration)/(M10*TimeToExpiration^0.5), 0, 1, TRUE) ) -> 46.234644 | O10: =IF(N10>$G10, I10, M10) -> 0.001 | P10: =IF(N10>$G10, M10, J10) -> 1.5005 | Q10: =Q$2*(Underlying*EXP(-DividendYield*TimeToExpiration)*_xlfn.NORM.DIST(Q$2*(LN(Underlying/$H10)+(RiskFreeRate-DividendYield+0.5*O10^2)*TimeToExpiration)/(O10*TimeToExpiration^0.5), 0, 1, TRUE) - $H10*EXP(-RiskFreeRate*TimeToExpiration)*_xlfn.NORM.DIST(Q$2*(LN(Underlying/$H10)+(RiskFreeRate-DividendYield-0.5*O10^2)*TimeToExpiration)/(O10*TimeToExpiration^0.5), 0, 1, TRUE)) -> 32.01812 | R10: =R$2*(Underlying*EXP(-DividendYield*TimeToExpiration)*_xlfn.NORM.DIST(R$2*(LN(Underlying/$H10)+(RiskFreeRate-DividendYield+0.5*P10^2)*TimeToExpiration)/(P10*TimeToExpiration^0.5), 0, 1, TRUE) - $H10*EXP(-RiskFreeRate*TimeToExpiration)*_xlfn.NORM.DIST(R$2*(LN(Underlying/$H10)+(RiskFreeRate-DividendYield-0.5*P10^2)*TimeToExpiration)/(P10*TimeToExpiration^0.5), 0, 1, TRUE) ) -> 46.234644 | S10: =(O10+P10)/2 -> 0.75075 | T10: =T$2*(Underlying*EXP(-DividendYield*TimeToExpiration)*_xlfn.NORM.DIST(T$2*(LN(Underlying/$H10)+(RiskFreeRate-DividendYield+0.5*S10^2)*TimeToExpiration)/(S10*TimeToExpiration^0.5), 0, 1, TRUE) - $H10*EXP(-RiskFreeRate*TimeToExpiration)*_xlfn.NORM.DIST(T$2*(LN(Underlying/$H10)+(RiskFreeRate-DividendYield-0.5*S10^2)*TimeToExpiration)/(S10*TimeToExpiration^0.5), 0, 1, TRUE) ) -> 35.249768 | U10: =IF(T10>$G10, O10, S10) -> 0.001 | V10: =IF(T10>$G10, S10, P10) -> 0.75075 | W10: =W$2*(Underlying*EXP(-DividendYield*TimeToExpiration)*_xlfn.NORM.DIST(W$2*(LN(Underlying/$H10)+(RiskFreeRate-DividendYield+0.5*U10^2)*TimeToExpiration)/(U10*TimeToExpiration^0.5), 0, 1, TRUE) - $H10*EXP(-RiskFreeRate*TimeToExpiration)*_xlfn.NORM.DIST(W$2*(LN(Underlying/$H10)+(RiskFreeRate-DividendYield-0.5*U10^2)*TimeToExpiration)/(U10*TimeToExpiration^0.5), 0, 1, TRUE) ) -> 32.01812 | X10: =X$2*(Underlying*EXP(-DividendYield*TimeToExpiration)*_xlfn.NORM.DIST(X$2*(LN(Underlying/$H10)+(RiskFreeRate-DividendYield+0.5*V10^2)*TimeToExpiration)/(V10*TimeToExpiration^0.5), 0, 1, TRUE) - $H10*EXP(-RiskFreeRate*TimeToExpiration)*_xlfn.NORM.DIST(X$2*(LN(Underlying/$H10)+(RiskFreeRate-DividendYield-0.5*V10^2)*TimeToExpiration)/(V10*TimeToExpiration^0.5), 0, 1, TRUE) ) -> 35.249768 | Y10: =(U10+V10)/2 -> 0.375875 | Z10: =Z$2*(Underlying*EXP(-DividendYield*TimeToExpiration)*_xlfn.NORM.DIST(Z$2*(LN(Underlying/$H10)+(RiskFreeRate-DividendYield+0.5*Y10^2)*TimeToExpiration)/(Y10*TimeToExpiration^0.5), 0, 1, TRUE) - $H10*EXP(-RiskFreeRate*TimeToExpiration)*_xlfn.NORM.DIST(Z$2*(LN(Underlying/$H10)+(RiskFreeRate-DividendYield-0.5*Y10^2)*TimeToExpiration)/(Y10*TimeToExpiration^0.5), 0, 1, TRUE) ) -> 32.225695 | AA10: =IF(Z10>$G10, U10, Y10) -> 0.001 | AB10: =IF(Z10>$G10, Y10, V10) -> 0.375875 | AC10: =AC$2*(Underlying*EXP(-DividendYield*TimeToExpiration)*_xlfn.NORM.DIST(AC$2*(LN(Underlying/$H10)+(RiskFreeRate-DividendYield+0.5*AA10^2)*TimeToExpiration)/(AA10*TimeToExpiration^0.5), 0, 1, TRUE) - $H10*EXP(-RiskFreeRate*TimeToExpiration)*_xlfn.NORM.DIST(AC$2*(LN(Underlying/$H10)+(RiskFreeRate-DividendYield-0.5*AA10^2)*TimeToExpiration)/(AA10*TimeToExpiration^0.5), 0, 1, TRUE) ) -> 32.01812 | AD10: =AD$2*(Underlying*EXP(-DividendYield*TimeToExpiration)*_xlfn.NORM.DIST(AD$2*(LN(Underlying/$H10)+(RiskFreeRate-DividendYield+0.5*AB10^2)*TimeToExpiration)/(AB10*TimeToExpiration^0.5), 0, 1, TRUE) - $H10*EXP(-RiskFreeRate*TimeToExpiration)*_xlfn.NORM.DIST(AD$2*(LN(Underlying/$H10)+(RiskFreeRate-DividendYield-0.5*AB10^2)*TimeToExpiration)/(AB10*TimeToExpiration^0.5), 0, 1, TRUE) ) -> 32.225695 | AE10: =(AA10+AB10)/2 -> 0.1884375 | AF10: =AF$2*(Underlying*EXP(-DividendYield*TimeToExpiration)*_xlfn.NORM.DIST(AF$2*(LN(Underlying/$H10)+(RiskFreeRate-DividendYield+0.5*AE10^2)*TimeToExpiration)/(AE10*TimeToExpiration^0.5), 0, 1, TRUE) - $H10*EXP(-RiskFreeRate*TimeToExpiration)*_xlfn.NORM.DIST(AF$2*(LN(Underlying/$H10)+(RiskFreeRate-DividendYield-0.5*AE10^2)*TimeToExpiration)/(AE10*TimeToExpiration^0.5), 0, 1, TRUE) ) -> 32.018325 | AG10: =IF(AF10>$G10, AA10, AE10) -> 0.1884375 | AH10: =IF(AF10>$G10, AE10, AB10) -> 0.375875 | AI10: =AI$2*(Underlying*EXP(-DividendYield*TimeToExpiration)*_xlfn.NORM.DIST(AI$2*(LN(Underlying/$H10)+(RiskFreeRate-DividendYield+0.5*AG10^2)*TimeToExpiration)/(AG10*TimeToExpiration^0.5), 0, 1, TRUE) - $H10*EXP(-RiskFreeRate*TimeToExpiration)*_xlfn.NORM.DIST(AI$2*(LN(Underlying/$H10)+(RiskFreeRate-DividendYield-0.5*AG10^2)*TimeToExpiration)/(AG10*TimeToExpiration^0.5), 0, 1, TRUE) ) -> 32.018325 | AJ10: =AJ$2*(Underlying*EXP(-DividendYield*TimeToExpiration)*_xlfn.NORM.DIST(AJ$2*(LN(Underlying/$H10)+(RiskFreeRate-DividendYield+0.5*AH10^2)*TimeToExpiration)/(AH10*TimeToExpiration^0.5), 0, 1, TRUE) - $H10*EXP(-RiskFreeRate*TimeToExpiration)*_xlfn.NORM.DIST(AJ$2*(LN(Underlying/$H10)+(RiskFreeRate-DividendYield-0.5*AH10^2)*TimeToExpiration)/(AH10*TimeToExpiration^0.5), 0, 1, TRUE) ) -> 32.225695 | AK10: =(AG10+AH10)/2 -> 0.28215625 | AL10: =AL$2*(Underlying*EXP(-DividendYield*TimeToExpiration)*_xlfn.NORM.DIST(AL$2*(LN(Underlying/$H10)+(RiskFreeRate-DividendYield+0.5*AK10^2)*TimeToExpiration)/(AK10*TimeToExpiration^0.5), 0, 1, TRUE) - $H10*EXP(-RiskFreeRate*TimeToExpiration)*_xlfn.NORM.DIST(AL$2*(LN(Underlying/$H10)+(RiskFreeRate-DividendYield-0.5*AK10^2)*TimeToExpiration)/(AK10*TimeToExpiration^0.5), 0, 1, TRUE) ) -> 32.045199 | AM10: =IF(AL10>$G10, AG10, AK10) -> 0.1884375 | AN10: =IF(AL10>$G10, AK10, AH10) -> 0.28215625 | AO10: =AO$2*(Underlying*EXP(-DividendYield*TimeToExpiration)*_xlfn.NORM.DIST(AO$2*(LN(Underlying/$H10)+(RiskFreeRate-DividendYield+0.5*AM10^2)*TimeToExpiration)/(AM10*TimeToExpiration^0.5), 0, 1, TRUE) - $H10*EXP(-RiskFreeRate*TimeToExpiration)*_xlfn.NORM.DIST(AO$2*(LN(Underlying/$H10)+(RiskFreeRate-DividendYield-0.5*AM10^2)*TimeToExpiration)/(AM10*TimeToExpiration^0.5), 0, 1, TRUE) ) -> 32.018325 | AP10: =AP$2*(Underlying*EXP(-DividendYield*TimeToExpiration)*_xlfn.NORM.DIST(AP$2*(LN(Underlying/$H10)+(RiskFreeRate-DividendYield+0.5*AN10^2)*TimeToExpiration)/(AN10*TimeToExpiration^0.5), 0, 1, TRUE) - $H10*EXP(-RiskFreeRate*TimeToExpiration)*_xlfn.NORM.DIST(AP$2*(LN(Underlying/$H10)+(RiskFreeRate-DividendYield-0.5*AN10^2)*TimeToExpiration)/(AN10*TimeToExpiration^0.5), 0, 1, TRUE) ) -> 32.045199 | AQ10: =(AM10+AN10)/2 -> 0.23529687 | AR10: =AR$2*(Underlying*EXP(-DividendYield*TimeToExpiration)*_xlfn.NORM.DIST(AR$2*(LN(Underlying/$H10)+(RiskFreeRate-DividendYield+0.5*AQ10^2)*TimeToExpiration)/(AQ10*TimeToExpiration^0.5), 0, 1, TRUE) - $H10*EXP(-RiskFreeRate*TimeToExpiration)*_xlfn.NORM.DIST(AR$2*(LN(Underlying/$H10)+(RiskFreeRate-DividendYield-0.5*AQ10^2)*TimeToExpiration)/(AQ10*TimeToExpiration^0.5), 0, 1, TRUE) ) -> 32.022535 | AS10: =IF(AR10>$G10, AM10, AQ10) -> 0.23529687 | AT10: =IF(AR10>$G10, AQ10, AN10) -> 0.28215625 | AU10: =AU$2*(Underlying*EXP(-DividendYield*TimeToExpiration)*_xlfn.NORM.DIST(AU$2*(LN(Underlying/$H10)+(RiskFreeRate-DividendYield+0.5*AS10^2)*TimeToExpiration)/(AS10*TimeToExpiration^0.5), 0, 1, TRUE) - $H10*EXP(-RiskFreeRate*TimeToExpiration)*_xlfn.NORM.DIST(AU$2*(LN(Underlying/$H10)+(RiskFreeRate-DividendYield-0.5*AS10^2)*TimeToExpiration)/(AS10*TimeToExpiration^0.5), 0, 1, TRUE) ) -> 32.022535 | AV10: =AV$2*(Underlying*EXP(-DividendYield*TimeToExpiration)*_xlfn.NORM.DIST(AV$2*(LN(Underlying/$H10)+(RiskFreeRate-DividendYield+0.5*AT10^2)*TimeToExpiration)/(AT10*TimeToExpiration^0.5), 0, 1, TRUE) - $H10*EXP(-RiskFreeRate*TimeToExpiration)*_xlfn.NORM.DIST(AV$2*(LN(Underlying/$H10)+(RiskFreeRate-DividendYield-0.5*AT10^2)*TimeToExpiration)/(AT10*TimeToExpiration^0.5), 0, 1, TRUE) ) -> 32.045199 | AW10: =(AS10+AT10)/2 -> 0.25872656 | AX10: =AX$2*(Underlying*EXP(-DividendYield*TimeToExpiration)*_xlfn.NORM.DIST(AX$2*(LN(Underlying/$H10)+(RiskFreeRate-DividendYield+0.5*AW10^2)*TimeToExpiration)/(AW10*TimeToExpiration^0.5), 0, 1, TRUE) - $H10*EXP(-RiskFreeRate*TimeToExpiration)*_xlfn.NORM.DIST(AX$2*(LN(Underlying/$H10)+(RiskFreeRate-DividendYield-0.5*AW10^2)*TimeToExpiration)/(AW10*TimeToExpiration^0.5), 0, 1, TRUE) ) -> 32.030257 | AY10: =IF(AX10>$G10, AS10, AW10) -> 0.23529687 | AZ10: =IF(AX10>$G10, AW10, AT10) -> 0.25872656 | BA10: =BA$2*(Underlying*EXP(-DividendYield*TimeToExpiration)*_xlfn.NORM.DIST(BA$2*(LN(Underlying/$H10)+(RiskFreeRate-DividendYield+0.5*AY10^2)*TimeToExpiration)/(AY10*TimeToExpiration^0.5), 0, 1, TRUE) - $H10*EXP(-RiskFreeRate*TimeToExpiration)*_xlfn.NORM.DIST(BA$2*(LN(Underlying/$H10)+(RiskFreeRate-DividendYield-0.5*AY10^2)*TimeToExpiration)/(AY10*TimeToExpiration^0.5), 0, 1, TRUE) ) -> 32.022535 | BB10: =BB$2*(Underlying*EXP(-DividendYield*TimeToExpiration)*_xlfn.NORM.DIST(BB$2*(LN(Underlying/$H10)+(RiskFreeRate-DividendYield+0.5*AZ10^2)*TimeToExpiration)/(AZ10*TimeToExpiration^0.5), 0, 1, TRUE) - $H10*EXP(-RiskFreeRate*TimeToExpiration)*_xlfn.NORM.DIST(BB$2*(LN(Underlying/$H10)+(RiskFreeRate-DividendYield-0.5*AZ10^2)*TimeToExpiration)/(AZ10*TimeToExpiration^0.5), 0, 1, TRUE) ) -> 32.030257 | BC10: =(AY10+AZ10)/2 -> 0.24701172 | BD10: =BD$2*(Underlying*EXP(-DividendYield*TimeToExpiration)*_xlfn.NORM.DIST(BD$2*(LN(Underlying/$H10)+(RiskFreeRate-DividendYield+0.5*BC10^2)*TimeToExpiration)/(BC10*TimeToExpiration^0.5), 0, 1, TRUE) - $H10*EXP(-RiskFreeRate*TimeToExpiration)*_xlfn.NORM.DIST(BD$2*(LN(Underlying/$H10)+(RiskFreeRate-DividendYield-0.5*BC10^2)*TimeToExpiration)/(BC10*TimeToExpiration^0.5), 0, 1, TRUE) ) -> 32.025669 | BE10: =IF(BD10>$G10, AY10, BC10) -> 0.23529687 | BF10: =IF(BD10>$G10, BC10, AZ10) -> 0.24701172 | BG10: =BG$2*(Underlying*EXP(-DividendYield*TimeToExpiration)*_xlfn.NORM.DIST(BG$2*(LN(Underlying/$H10)+(RiskFreeRate-DividendYield+0.5*BE10^2)*TimeToExpiration)/(BE10*TimeToExpiration^0.5), 0, 1, TRUE) - $H10*EXP(-RiskFreeRate*TimeToExpiration)*_xlfn.NORM.DIST(BG$2*(LN(Underlying/$H10)+(RiskFreeRate-DividendYield-0.5*BE10^2)*TimeToExpiration)/(BE10*TimeToExpiration^0.5), 0, 1, TRUE) ) -> 32.022535 | BH10: =BH$2*(Underlying*EXP(-DividendYield*TimeToExpiration)*_xlfn.NORM.DIST(BH$2*(LN(Underlying/$H10)+(RiskFreeRate-DividendYield+0.5*BF10^2)*TimeToExpiration)/(BF10*TimeToExpiration^0.5), 0, 1, TRUE) - $H10*EXP(-RiskFreeRate*TimeToExpiration)*_xlfn.NORM.DIST(BH$2*(LN(Underlying/$H10)+(RiskFreeRate-DividendYield-0.5*BF10^2)*TimeToExpiration)/(BF10*TimeToExpiration^0.5), 0, 1, TRUE) ) -> 32.025669 | BI10: =(BE10+BF10)/2 -> 0.2411543 | BJ10: =BJ$2*(Underlying*EXP(-DividendYield*TimeToExpiration)*_xlfn.NORM.DIST(BJ$2*(LN(Underlying/$H10)+(RiskFreeRate-DividendYield+0.5*BI10^2)*TimeToExpiration)/(BI10*TimeToExpiration^0.5), 0, 1, TRUE) - $H10*EXP(-RiskFreeRate*TimeToExpiration)*_xlfn.NORM.DIST(BJ$2*(LN(Underlying/$H10)+(RiskFreeRate-DividendYield-0.5*BI10^2)*TimeToExpiration)/(BI10*TimeToExpiration^0.5), 0, 1, TRUE) ) -> 32.023942 | BK10: =IF(BJ10>$G10, BE10, BI10) -> 0.2411543 | BL10: =IF(BJ10>$G10, BI10, BF10) -> 0.24701172 | BM10: =BM$2*(Underlying*EXP(-DividendYield*TimeToExpiration)*_xlfn.NORM.DIST(BM$2*(LN(Underlying/$H10)+(RiskFreeRate-DividendYield+0.5*BK10^2)*TimeToExpiration)/(BK10*TimeToExpiration^0.5), 0, 1, TRUE) - $H10*EXP(-RiskFreeRate*TimeToExpiration)*_xlfn.NORM.DIST(BM$2*(LN(Underlying/$H10)+(RiskFreeRate-DividendYield-0.5*BK10^2)*TimeToExpiration)/(BK10*TimeToExpiration^0.5), 0, 1, TRUE) ) -> 32.023942 | BN10: =BN$2*(Underlying*EXP(-DividendYield*TimeToExpiration)*_xlfn.NORM.DIST(BN$2*(LN(Underlying/$H10)+(RiskFreeRate-DividendYield+0.5*BL10^2)*TimeToExpiration)/(BL10*TimeToExpiration^0.5), 0, 1, TRUE) - $H10*EXP(-RiskFreeRate*TimeToExpiration)*_xlfn.NORM.DIST(BN$2*(LN(Underlying/$H10)+(RiskFreeRate-DividendYield-0.5*BL10^2)*TimeToExpiration)/(BL10*TimeToExpiration^0.5), 0, 1, TRUE) ) -> 32.025669 | BO10: =(BK10+BL10)/2 -> 0.24408301 | BP10: =BP$2*(Underlying*EXP(-DividendYield*TimeToExpiration)*_xlfn.NORM.DIST(BP$2*(LN(Underlying/$H10)+(RiskFreeRate-DividendYield+0.5*BO10^2)*TimeToExpiration)/(BO10*TimeToExpiration^0.5), 0, 1, TRUE) - $H10*EXP(-RiskFreeRate*TimeToExpiration)*_xlfn.NORM.DIST(BP$2*(LN(Underlying/$H10)+(RiskFreeRate-DividendYield-0.5*BO10^2)*TimeToExpiration)/(BO10*TimeToExpiration^0.5), 0, 1, TRUE) ) -> 32.024763 | BQ10: =IF(BP10>$G10, BK10, BO10) -> 0.24408301 | BR10: =IF(BP10>$G10, BO10, BL10) -> 0.24701172 | BS10: =BS$2*(Underlying*EXP(-DividendYield*TimeToExpiration)*_xlfn.NORM.DIST(BS$2*(LN(Underlying/$H10)+(RiskFreeRate-DividendYield+0.5*BQ10^2)*TimeToExpiration)/(BQ10*TimeToExpiration^0.5), 0, 1, TRUE) - $H10*EXP(-RiskFreeRate*TimeToExpiration)*_xlfn.NORM.DIST(BS$2*(LN(Underlying/$H10)+(RiskFreeRate-DividendYield-0.5*BQ10^2)*TimeToExpiration)/(BQ10*TimeToExpiration^0.5), 0, 1, TRUE) ) -> 32.024763 | BT10: =BT$2*(Underlying*EXP(-DividendYield*TimeToExpiration)*_xlfn.NORM.DIST(BT$2*(LN(Underlying/$H10)+(RiskFreeRate-DividendYield+0.5*BR10^2)*TimeToExpiration)/(BR10*TimeToExpiration^0.5), 0, 1, TRUE) - $H10*EXP(-RiskFreeRate*TimeToExpiration)*_xlfn.NORM.DIST(BT$2*(LN(Underlying/$H10)+(RiskFreeRate-DividendYield-0.5*BR10^2)*TimeToExpiration)/(BR10*TimeToExpiration^0.5), 0, 1, TRUE) ) -> 32.025669 | BU10: =(BQ10+BR10)/2 -> 0.24554736 | BV10: =BV$2*(Underlying*EXP(-DividendYield*TimeToExpiration)*_xlfn.NORM.DIST(BV$2*(LN(Underlying/$H10)+(RiskFreeRate-DividendYield+0.5*BU10^2)*TimeToExpiration)/(BU10*TimeToExpiration^0.5), 0, 1, TRUE) - $H10*EXP(-RiskFreeRate*TimeToExpiration)*_xlfn.NORM.DIST(BV$2*(LN(Underlying/$H10)+(RiskFreeRate-DividendYield-0.5*BU10^2)*TimeToExpiration)/(BU10*TimeToExpiration^0.5), 0, 1, TRUE) ) -> 32.025205 | BW10: =IF(BV10>$G10, BQ10, BU10) -> 0.24408301 | BX10: =IF(BV10>$G10, BU10, BR10) -> 0.24554736 | BY10: =BY$2*(Underlying*EXP(-DividendYield*TimeToExpiration)*_xlfn.NORM.DIST(BY$2*(LN(Underlying/$H10)+(RiskFreeRate-DividendYield+0.5*BW10^2)*TimeToExpiration)/(BW10*TimeToExpiration^0.5), 0, 1, TRUE) - $H10*EXP(-RiskFreeRate*TimeToExpiration)*_xlfn.NORM.DIST(BY$2*(LN(Underlying/$H10)+(RiskFreeRate-DividendYield-0.5*BW10^2)*TimeToExpiration)/(BW10*TimeToExpiration^0.5), 0, 1, TRUE) ) -> 32.024763 | BZ10: =BZ$2*(Underlying*EXP(-DividendYield*TimeToExpiration)*_xlfn.NORM.DIST(BZ$2*(LN(Underlying/$H10)+(RiskFreeRate-DividendYield+0.5*BX10^2)*TimeToExpiration)/(BX10*TimeToExpiration^0.5), 0, 1, TRUE) - $H10*EXP(-RiskFreeRate*TimeToExpiration)*_xlfn.NORM.DIST(BZ$2*(LN(Underlying/$H10)+(RiskFreeRate-DividendYield-0.5*BX10^2)*TimeToExpiration)/(BX10*TimeToExpiration^0.5), 0, 1, TRUE) ) -> 32.025205 | CA10: =(BW10+BX10)/2 -> 0.24481519 | CB10: =CB$2*(Underlying*EXP(-DividendYield*TimeToExpiration)*_xlfn.NORM.DIST(CB$2*(LN(Underlying/$H10)+(RiskFreeRate-DividendYield+0.5*CA10^2)*TimeToExpiration)/(CA10*TimeToExpiration^0.5), 0, 1, TRUE) - $H10*EXP(-RiskFreeRate*TimeToExpiration)*_xlfn.NORM.DIST(CB$2*(LN(Underlying/$H10)+(RiskFreeRate-DividendYield-0.5*CA10^2)*TimeToExpiration)/(CA10*TimeToExpiration^0.5), 0, 1, TRUE) ) -> 32.024981 | CC10: =IF(CB10>$G10, BW10, CA10) -> 0.24481519 | CD10: =IF(CB10>$G10, CA10, BX10) -> 0.24554736 | CE10: =CE$2*(Underlying*EXP(-DividendYield*TimeToExpiration)*_xlfn.NORM.DIST(CE$2*(LN(Underlying/$H10)+(RiskFreeRate-DividendYield+0.5*CC10^2)*TimeToExpiration)/(CC10*TimeToExpiration^0.5), 0, 1, TRUE) - $H10*EXP(-RiskFreeRate*TimeToExpiration)*_xlfn.NORM.DIST(CE$2*(LN(Underlying/$H10)+(RiskFreeRate-DividendYield-0.5*CC10^2)*TimeToExpiration)/(CC10*TimeToExpiration^0.5), 0, 1, TRUE) ) -> 32.024981 | CF10: =CF$2*(Underlying*EXP(-DividendYield*TimeToExpiration)*_xlfn.NORM.DIST(CF$2*(LN(Underlying/$H10)+(RiskFreeRate-DividendYield+0.5*CD10^2)*TimeToExpiration)/(CD10*TimeToExpiration^0.5), 0, 1, TRUE) - $H10*EXP(-RiskFreeRate*TimeToExpiration)*_xlfn.NORM.DIST(CF$2*(LN(Underlying/$H10)+(RiskFreeRate-DividendYield-0.5*CD10^2)*TimeToExpiration)/(CD10*TimeToExpiration^0.5), 0, 1, TRUE) ) -> 32.025205 | CG10: =(CC10+CD10)/2 -> 0.24518127 | CH10: =CH$2*(Underlying*EXP(-DividendYield*TimeToExpiration)*_xlfn.NORM.DIST(CH$2*(LN(Underlying/$H10)+(RiskFreeRate-DividendYield+0.5*CG10^2)*TimeToExpiration)/(CG10*TimeToExpiration^0.5), 0, 1, TRUE) - $H10*EXP(-RiskFreeRate*TimeToExpiration)*_xlfn.NORM.DIST(CH$2*(LN(Underlying/$H10)+(RiskFreeRate-DividendYield-0.5*CG10^2)*TimeToExpiration)/(CG10*TimeToExpiration^0.5), 0, 1, TRUE) ) -> 32.025093 | CI10: =IF(CH10>$G10, CC10, CG10) -> 0.24481519 | CJ10: =IF(CH10>$G10, CG10, CD10) -> 0.24518127 | CK10: =CK$2*(Underlying*EXP(-DividendYield*TimeToExpiration)*_xlfn.NORM.DIST(CK$2*(LN(Underlying/$H10)+(RiskFreeRate-DividendYield+0.5*CI10^2)*TimeToExpiration)/(CI10*TimeToExpiration^0.5), 0, 1, TRUE) - $H10*EXP(-RiskFreeRate*TimeToExpiration)*_xlfn.NORM.DIST(CK$2*(LN(Underlying/$H10)+(RiskFreeRate-DividendYield-0.5*CI10^2)*TimeToExpiration)/(CI10*TimeToExpiration^0.5), 0, 1, TRUE) ) -> 32.024981 | CL10: =CL$2*(Underlying*EXP(-DividendYield*TimeToExpiration)*_xlfn.NORM.DIST(CL$2*(LN(Underlying/$H10)+(RiskFreeRate-DividendYield+0.5*CJ10^2)*TimeToExpiration)/(CJ10*TimeToExpiration^0.5), 0, 1, TRUE) - $H10*EXP(-RiskFreeRate*TimeToExpiration)*_xlfn.NORM.DIST(CL$2*(LN(Underlying/$H10)+(RiskFreeRate-DividendYield-0.5*CJ10^2)*TimeToExpiration)/(CJ10*TimeToExpiration^0.5), 0, 1, TRUE) ) -> 32.025093 | CM10: =(CI10+CJ10)/2 -> 0.24499823 | CN10: =CN$2*(Underlying*EXP(-DividendYield*TimeToExpiration)*_xlfn.NORM.DIST(CN$2*(LN(Underlying/$H10)+(RiskFreeRate-DividendYield+0.5*CM10^2)*TimeToExpiration)/(CM10*TimeToExpiration^0.5), 0, 1, TRUE) - $H10*EXP(-RiskFreeRate*TimeToExpiration)*_xlfn.NORM.DIST(CN$2*(LN(Underlying/$H10)+(RiskFreeRate-DividendYield-0.5*CM10^2)*TimeToExpiration)/(CM10*TimeToExpiration^0.5), 0, 1, TRUE) ) -> 32.025037 | CO10: =IF(CN10>$G10, CI10, CM10) -> 0.24481519 | CP10: =IF(CN10>$G10, CM10, CJ10) -> 0.24499823 | CQ10: =CQ$2*(Underlying*EXP(-DividendYield*TimeToExpiration)*_xlfn.NORM.DIST(CQ$2*(LN(Underlying/$H10)+(RiskFreeRate-DividendYield+0.5*CO10^2)*TimeToExpiration)/(CO10*TimeToExpiration^0.5), 0, 1, TRUE) - $H10*EXP(-RiskFreeRate*TimeToExpiration)*_xlfn.NORM.DIST(CQ$2*(LN(Underlying/$H10)+(RiskFreeRate-DividendYield-0.5*CO10^2)*TimeToExpiration)/(CO10*TimeToExpiration^0.5), 0, 1, TRUE) ) -> 32.024981 | CR10: =CR$2*(Underlying*EXP(-DividendYield*TimeToExpiration)*_xlfn.NORM.DIST(CR$2*(LN(Underlying/$H10)+(RiskFreeRate-DividendYield+0.5*CP10^2)*TimeToExpiration)/(CP10*TimeToExpiration^0.5), 0, 1, TRUE) - $H10*EXP(-RiskFreeRate*TimeToExpiration)*_xlfn.NORM.DIST(CR$2*(LN(Underlying/$H10)+(RiskFreeRate-DividendYield-0.5*CP10^2)*TimeToExpiration)/(CP10*TimeToExpiration^0.5), 0, 1, TRUE) ) -> 32.025037 | CS10: =(CO10+CP10)/2 -> 0.24490671 | CT10: =CT$2*(Underlying*EXP(-DividendYield*TimeToExpiration)*_xlfn.NORM.DIST(CT$2*(LN(Underlying/$H10)+(RiskFreeRate-DividendYield+0.5*CS10^2)*TimeToExpiration)/(CS10*TimeToExpiration^0.5), 0, 1, TRUE) - $H10*EXP(-RiskFreeRate*TimeToExpiration)*_xlfn.NORM.DIST(CT$2*(LN(Underlying/$H10)+(RiskFreeRate-DividendYield-0.5*CS10^2)*TimeToExpiration)/(CS10*TimeToExpiration^0.5), 0, 1, TRUE) ) -> 32.025009 | CU10: =IF(CT10>$G10, CO10, CS10) -> 0.24481519 | CV10: =IF(CT10>$G10, CS10, CP10) -> 0.24490671 | CW10: =CW$2*(Underlying*EXP(-DividendYield*TimeToExpiration)*_xlfn.NORM.DIST(CW$2*(LN(Underlying/$H10)+(RiskFreeRate-DividendYield+0.5*CU10^2)*TimeToExpiration)/(CU10*TimeToExpiration^0.5), 0, 1, TRUE) - $H10*EXP(-RiskFreeRate*TimeToExpiration)*_xlfn.NORM.DIST(CW$2*(LN(Underlying/$H10)+(RiskFreeRate-DividendYield-0.5*CU10^2)*TimeToExpiration)/(CU10*TimeToExpiration^0.5), 0, 1, TRUE) ) -> 32.024981 | CX10: =CX$2*(Underlying*EXP(-DividendYield*TimeToExpiration)*_xlfn.NORM.DIST(CX$2*(LN(Underlying/$H10)+(RiskFreeRate-DividendYield+0.5*CV10^2)*TimeToExpiration)/(CV10*TimeToExpiration^0.5), 0, 1, TRUE) - $H10*EXP(-RiskFreeRate*TimeToExpiration)*_xlfn.NORM.DIST(CX$2*(LN(Underlying/$H10)+(RiskFreeRate-DividendYield-0.5*CV10^2)*TimeToExpiration)/(CV10*TimeToExpiration^0.5), 0, 1, TRUE) ) -> 32.025009 | CY10: =(CU10+CV10)/2 -> 0.24486095 | CZ10: =CZ$2*(Underlying*EXP(-DividendYield*TimeToExpiration)*_xlfn.NORM.DIST(CZ$2*(LN(Underlying/$H10)+(RiskFreeRate-DividendYield+0.5*CY10^2)*TimeToExpiration)/(CY10*TimeToExpiration^0.5), 0, 1, TRUE) - $H10*EXP(-RiskFreeRate*TimeToExpiration)*_xlfn.NORM.DIST(CZ$2*(LN(Underlying/$H10)+(RiskFreeRate-DividendYield-0.5*CY10^2)*TimeToExpiration)/(CY10*TimeToExpiration^0.5), 0, 1, TRUE) ) -> 32.024995 | DA10: =IF(CZ10>$G10, CU10, CY10) -> 0.24481519 | DB10: =IF(CZ10>$G10, CY10, CV10) -> 0.24486095 | DC10: =DC$2*(Underlying*EXP(-DividendYield*TimeToExpiration)*_xlfn.NORM.DIST(DC$2*(LN(Underlying/$H10)+(RiskFreeRate-DividendYield+0.5*DA10^2)*TimeToExpiration)/(DA10*TimeToExpiration^0.5), 0, 1, TRUE) - $H10*EXP(-RiskFreeRate*TimeToExpiration)*_xlfn.NORM.DIST(DC$2*(LN(Underlying/$H10)+(RiskFreeRate-DividendYield-0.5*DA10^2)*TimeToExpiration)/(DA10*TimeToExpiration^0.5), 0, 1, TRUE) ) -> 32.024981 | DD10: =DD$2*(Underlying*EXP(-DividendYield*TimeToExpiration)*_xlfn.NORM.DIST(DD$2*(LN(Underlying/$H10)+(RiskFreeRate-DividendYield+0.5*DB10^2)*TimeToExpiration)/(DB10*TimeToExpiration^0.5), 0, 1, TRUE) - $H10*EXP(-RiskFreeRate*TimeToExpiration)*_xlfn.NORM.DIST(DD$2*(LN(Underlying/$H10)+(RiskFreeRate-DividendYield-0.5*DB10^2)*TimeToExpiration)/(DB10*TimeToExpiration^0.5), 0, 1, TRUE) ) -> 32.024995 | DE10: =(DA10+DB10)/2 -> 0.24483807 | DF10: =DF$2*(Underlying*EXP(-DividendYield*TimeToExpiration)*_xlfn.NORM.DIST(DF$2*(LN(Underlying/$H10)+(RiskFreeRate-DividendYield+0.5*DE10^2)*TimeToExpiration)/(DE10*TimeToExpiration^0.5), 0, 1, TRUE) - $H10*EXP(-RiskFreeRate*TimeToExpiration)*_xlfn.NORM.DIST(DF$2*(LN(Underlying/$H10)+(RiskFreeRate-DividendYield-0.5*DE10^2)*TimeToExpiration)/(DE10*TimeToExpiration^0.5), 0, 1, TRUE) ) -> 32.024988
A11: ='Option Mkt Data'!A11 -> 310 | B11: =DE11 -> 0.44193116 | C11: =DF11 -> 30.174885 | D11: =ABS(C11-G11) -> 0.00011833012 | E11: =D11/G11 -> 3.9214618e-06 | F11: =D11/'Option Mkt Data'!L11 -> 0.00078889955 | G11: ='Option Mkt Data'!J11 -> 30.175003 | H11: ='Option Mkt Data'!A11 -> 310 | I11: =MinSolverVola -> 0.001 | J11: =MaxSolverVola -> 3 | K11: =K$2*(Underlying*EXP(-DividendYield*TimeToExpiration)*_xlfn.NORM.DIST(K$2*(LN(Underlying/$H11)+(RiskFreeRate-DividendYield+0.5*I11^2)*TimeToExpiration)/(I11*TimeToExpiration^0.5), 0, 1, TRUE) - $H11*EXP(-RiskFreeRate*TimeToExpiration)*_xlfn.NORM.DIST(K$2*(LN(Underlying/$H11)+(RiskFreeRate-DividendYield-0.5*I11^2)*TimeToExpiration)/(I11*TimeToExpiration^0.5), 0, 1, TRUE) ) -> 29.5203 | L11: =L$2*(Underlying*EXP(-DividendYield*TimeToExpiration)*_xlfn.NORM.DIST(L$2*(LN(Underlying/$H11)+(RiskFreeRate-DividendYield+0.5*J11^2)*TimeToExpiration)/(J11*TimeToExpiration^0.5), 0, 1, TRUE) - $H11*EXP(-RiskFreeRate*TimeToExpiration)*_xlfn.NORM.DIST(L$2*(LN(Underlying/$H11)+(RiskFreeRate-DividendYield-0.5*J11^2)*TimeToExpiration)/(J11*TimeToExpiration^0.5), 0, 1, TRUE) ) -> 70.501093 | M11: =(I11+J11)/2 -> 1.5005 | N11: =N$2*(Underlying*EXP(-DividendYield*TimeToExpiration)*_xlfn.NORM.DIST(N$2*(LN(Underlying/$H11)+(RiskFreeRate-DividendYield+0.5*M11^2)*TimeToExpiration)/(M11*TimeToExpiration^0.5), 0, 1, TRUE) - $H11*EXP(-RiskFreeRate*TimeToExpiration)*_xlfn.NORM.DIST(N$2*(LN(Underlying/$H11)+(RiskFreeRate-DividendYield-0.5*M11^2)*TimeToExpiration)/(M11*TimeToExpiration^0.5), 0, 1, TRUE) ) -> 44.651494 | O11: =IF(N11>$G11, I11, M11) -> 0.001 | P11: =IF(N11>$G11, M11, J11) -> 1.5005 | Q11: =Q$2*(Underlying*EXP(-DividendYield*TimeToExpiration)*_xlfn.NORM.DIST(Q$2*(LN(Underlying/$H11)+(RiskFreeRate-DividendYield+0.5*O11^2)*TimeToExpiration)/(O11*TimeToExpiration^0.5), 0, 1, TRUE) - $H11*EXP(-RiskFreeRate*TimeToExpiration)*_xlfn.NORM.DIST(Q$2*(LN(Underlying/$H11)+(RiskFreeRate-DividendYield-0.5*O11^2)*TimeToExpiration)/(O11*TimeToExpiration^0.5), 0, 1, TRUE)) -> 29.5203 | R11: =R$2*(Underlying*EXP(-DividendYield*TimeToExpiration)*_xlfn.NORM.DIST(R$2*(LN(Underlying/$H11)+(RiskFreeRate-DividendYield+0.5*P11^2)*TimeToExpiration)/(P11*TimeToExpiration^0.5), 0, 1, TRUE) - $H11*EXP(-RiskFreeRate*TimeToExpiration)*_xlfn.NORM.DIST(R$2*(LN(Underlying/$H11)+(RiskFreeRate-DividendYield-0.5*P11^2)*TimeToExpiration)/(P11*TimeToExpiration^0.5), 0, 1, TRUE) ) -> 44.651494 | S11: =(O11+P11)/2 -> 0.75075 | T11: =T$2*(Underlying*EXP(-DividendYield*TimeToExpiration)*_xlfn.NORM.DIST(T$2*(LN(Underlying/$H11)+(RiskFreeRate-DividendYield+0.5*S11^2)*TimeToExpiration)/(S11*TimeToExpiration^0.5), 0, 1, TRUE) - $H11*EXP(-RiskFreeRate*TimeToExpiration)*_xlfn.NORM.DIST(T$2*(LN(Underlying/$H11)+(RiskFreeRate-DividendYield-0.5*S11^2)*TimeToExpiration)/(S11*TimeToExpiration^0.5), 0, 1, TRUE) ) -> 33.251047 | U11: =IF(T11>$G11, O11, S11) -> 0.001 | V11: =IF(T11>$G11, S11, P11) -> 0.75075 | W11: =W$2*(Underlying*EXP(-DividendYield*TimeToExpiration)*_xlfn.NORM.DIST(W$2*(LN(Underlying/$H11)+(RiskFreeRate-DividendYield+0.5*U11^2)*TimeToExpiration)/(U11*TimeToExpiration^0.5), 0, 1, TRUE) - $H11*EXP(-RiskFreeRate*TimeToExpiration)*_xlfn.NORM.DIST(W$2*(LN(Underlying/$H11)+(RiskFreeRate-DividendYield-0.5*U11^2)*TimeToExpiration)/(U11*TimeToExpiration^0.5), 0, 1, TRUE) ) -> 29.5203 | X11: =X$2*(Underlying*EXP(-DividendYield*TimeToExpiration)*_xlfn.NORM.DIST(X$2*(LN(Underlying/$H11)+(RiskFreeRate-DividendYield+0.5*V11^2)*TimeToExpiration)/(V11*TimeToExpiration^0.5), 0, 1, TRUE) - $H11*EXP(-RiskFreeRate*TimeToExpiration)*_xlfn.NORM.DIST(X$2*(LN(Underlying/$H11)+(RiskFreeRate-DividendYield-0.5*V11^2)*TimeToExpiration)/(V11*TimeToExpiration^0.5), 0, 1, TRUE) ) -> 33.251047 | Y11: =(U11+V11)/2 -> 0.375875 | Z11: =Z$2*(Underlying*EXP(-DividendYield*TimeToExpiration)*_xlfn.NORM.DIST(Z$2*(LN(Underlying/$H11)+(RiskFreeRate-DividendYield+0.5*Y11^2)*TimeToExpiration)/(Y11*TimeToExpiration^0.5), 0, 1, TRUE) - $H11*EXP(-RiskFreeRate*TimeToExpiration)*_xlfn.NORM.DIST(Z$2*(LN(Underlying/$H11)+(RiskFreeRate-DividendYield-0.5*Y11^2)*TimeToExpiration)/(Y11*TimeToExpiration^0.5), 0, 1, TRUE) ) -> 29.825696 | AA11: =IF(Z11>$G11, U11, Y11) -> 0.375875 | AB11: =IF(Z11>$G11, Y11, V11) -> 0.75075 | AC11: =AC$2*(Underlying*EXP(-DividendYield*TimeToExpiration)*_xlfn.NORM.DIST(AC$2*(LN(Underlying/$H11)+(RiskFreeRate-DividendYield+0.5*AA11^2)*TimeToExpiration)/(AA11*TimeToExpiration^0.5), 0, 1, TRUE) - $H11*EXP(-RiskFreeRate*TimeToExpiration)*_xlfn.NORM.DIST(AC$2*(LN(Underlying/$H11)+(RiskFreeRate-DividendYield-0.5*AA11^2)*TimeToExpiration)/(AA11*TimeToExpiration^0.5), 0, 1, TRUE) ) -> 29.825696 | AD11: =AD$2*(Underlying*EXP(-DividendYield*TimeToExpiration)*_xlfn.NORM.DIST(AD$2*(LN(Underlying/$H11)+(RiskFreeRate-DividendYield+0.5*AB11^2)*TimeToExpiration)/(AB11*TimeToExpiration^0.5), 0, 1, TRUE) - $H11*EXP(-RiskFreeRate*TimeToExpiration)*_xlfn.NORM.DIST(AD$2*(LN(Underlying/$H11)+(RiskFreeRate-DividendYield-0.5*AB11^2)*TimeToExpiration)/(AB11*TimeToExpiration^0.5), 0, 1, TRUE) ) -> 33.251047 | AE11: =(AA11+AB11)/2 -> 0.5633125 | AF11: =AF$2*(Underlying*EXP(-DividendYield*TimeToExpiration)*_xlfn.NORM.DIST(AF$2*(LN(Underlying/$H11)+(RiskFreeRate-DividendYield+0.5*AE11^2)*TimeToExpiration)/(AE11*TimeToExpiration^0.5), 0, 1, TRUE) - $H11*EXP(-RiskFreeRate*TimeToExpiration)*_xlfn.NORM.DIST(AF$2*(LN(Underlying/$H11)+(RiskFreeRate-DividendYield-0.5*AE11^2)*TimeToExpiration)/(AE11*TimeToExpiration^0.5), 0, 1, TRUE) ) -> 31.146442 | AG11: =IF(AF11>$G11, AA11, AE11) -> 0.375875 | AH11: =IF(AF11>$G11, AE11, AB11) -> 0.5633125 | AI11: =AI$2*(Underlying*EXP(-DividendYield*TimeToExpiration)*_xlfn.NORM.DIST(AI$2*(LN(Underlying/$H11)+(RiskFreeRate-DividendYield+0.5*AG11^2)*TimeToExpiration)/(AG11*TimeToExpiration^0.5), 0, 1, TRUE) - $H11*EXP(-RiskFreeRate*TimeToExpiration)*_xlfn.NORM.DIST(AI$2*(LN(Underlying/$H11)+(RiskFreeRate-DividendYield-0.5*AG11^2)*TimeToExpiration)/(AG11*TimeToExpiration^0.5), 0, 1, TRUE) ) -> 29.825696 | AJ11: =AJ$2*(Underlying*EXP(-DividendYield*TimeToExpiration)*_xlfn.NORM.DIST(AJ$2*(LN(Underlying/$H11)+(RiskFreeRate-DividendYield+0.5*AH11^2)*TimeToExpiration)/(AH11*TimeToExpiration^0.5), 0, 1, TRUE) - $H11*EXP(-RiskFreeRate*TimeToExpiration)*_xlfn.NORM.DIST(AJ$2*(LN(Underlying/$H11)+(RiskFreeRate-DividendYield-0.5*AH11^2)*TimeToExpiration)/(AH11*TimeToExpiration^0.5), 0, 1, TRUE) ) -> 31.146442 | AK11: =(AG11+AH11)/2 -> 0.46959375 | AL11: =AL$2*(Underlying*EXP(-DividendYield*TimeToExpiration)*_xlfn.NORM.DIST(AL$2*(LN(Underlying/$H11)+(RiskFreeRate-DividendYield+0.5*AK11^2)*TimeToExpiration)/(AK11*TimeToExpiration^0.5), 0, 1, TRUE) - $H11*EXP(-RiskFreeRate*TimeToExpiration)*_xlfn.NORM.DIST(AL$2*(LN(Underlying/$H11)+(RiskFreeRate-DividendYield-0.5*AK11^2)*TimeToExpiration)/(AK11*TimeToExpiration^0.5), 0, 1, TRUE) ) -> 30.361286 | AM11: =IF(AL11>$G11, AG11, AK11) -> 0.375875 | AN11: =IF(AL11>$G11, AK11, AH11) -> 0.46959375 | AO11: =AO$2*(Underlying*EXP(-DividendYield*TimeToExpiration)*_xlfn.NORM.DIST(AO$2*(LN(Underlying/$H11)+(RiskFreeRate-DividendYield+0.5*AM11^2)*TimeToExpiration)/(AM11*TimeToExpiration^0.5), 0, 1, TRUE) - $H11*EXP(-RiskFreeRate*TimeToExpiration)*_xlfn.NORM.DIST(AO$2*(LN(Underlying/$H11)+(RiskFreeRate-DividendYield-0.5*AM11^2)*TimeToExpiration)/(AM11*TimeToExpiration^0.5), 0, 1, TRUE) ) -> 29.825696 | AP11: =AP$2*(Underlying*EXP(-DividendYield*TimeToExpiration)*_xlfn.NORM.DIST(AP$2*(LN(Underlying/$H11)+(RiskFreeRate-DividendYield+0.5*AN11^2)*TimeToExpiration)/(AN11*TimeToExpiration^0.5), 0, 1, TRUE) - $H11*EXP(-RiskFreeRate*TimeToExpiration)*_xlfn.NORM.DIST(AP$2*(LN(Underlying/$H11)+(RiskFreeRate-DividendYield-0.5*AN11^2)*TimeToExpiration)/(AN11*TimeToExpiration^0.5), 0, 1, TRUE) ) -> 30.361286 | AQ11: =(AM11+AN11)/2 -> 0.42273437 | AR11: =AR$2*(Underlying*EXP(-DividendYield*TimeToExpiration)*_xlfn.NORM.DIST(AR$2*(LN(Underlying/$H11)+(RiskFreeRate-DividendYield+0.5*AQ11^2)*TimeToExpiration)/(AQ11*TimeToExpiration^0.5), 0, 1, TRUE) - $H11*EXP(-RiskFreeRate*TimeToExpiration)*_xlfn.NORM.DIST(AR$2*(LN(Underlying/$H11)+(RiskFreeRate-DividendYield-0.5*AQ11^2)*TimeToExpiration)/(AQ11*TimeToExpiration^0.5), 0, 1, TRUE) ) -> 30.0591 | AS11: =IF(AR11>$G11, AM11, AQ11) -> 0.42273437 | AT11: =IF(AR11>$G11, AQ11, AN11) -> 0.46959375 | AU11: =AU$2*(Underlying*EXP(-DividendYield*TimeToExpiration)*_xlfn.NORM.DIST(AU$2*(LN(Underlying/$H11)+(RiskFreeRate-DividendYield+0.5*AS11^2)*TimeToExpiration)/(AS11*TimeToExpiration^0.5), 0, 1, TRUE) - $H11*EXP(-RiskFreeRate*TimeToExpiration)*_xlfn.NORM.DIST(AU$2*(LN(Underlying/$H11)+(RiskFreeRate-DividendYield-0.5*AS11^2)*TimeToExpiration)/(AS11*TimeToExpiration^0.5), 0, 1, TRUE) ) -> 30.0591 | AV11: =AV$2*(Underlying*EXP(-DividendYield*TimeToExpiration)*_xlfn.NORM.DIST(AV$2*(LN(Underlying/$H11)+(RiskFreeRate-DividendYield+0.5*AT11^2)*TimeToExpiration)/(AT11*TimeToExpiration^0.5), 0, 1, TRUE) - $H11*EXP(-RiskFreeRate*TimeToExpiration)*_xlfn.NORM.DIST(AV$2*(LN(Underlying/$H11)+(RiskFreeRate-DividendYield-0.5*AT11^2)*TimeToExpiration)/(AT11*TimeToExpiration^0.5), 0, 1, TRUE) ) -> 30.361286 | AW11: =(AS11+AT11)/2 -> 0.44616406 | AX11: =AX$2*(Underlying*EXP(-DividendYield*TimeToExpiration)*_xlfn.NORM.DIST(AX$2*(LN(Underlying/$H11)+(RiskFreeRate-DividendYield+0.5*AW11^2)*TimeToExpiration)/(AW11*TimeToExpiration^0.5), 0, 1, TRUE) - $H11*EXP(-RiskFreeRate*TimeToExpiration)*_xlfn.NORM.DIST(AX$2*(LN(Underlying/$H11)+(RiskFreeRate-DividendYield-0.5*AW11^2)*TimeToExpiration)/(AW11*TimeToExpiration^0.5), 0, 1, TRUE) ) -> 30.201935 | AY11: =IF(AX11>$G11, AS11, AW11) -> 0.42273437 | AZ11: =IF(AX11>$G11, AW11, AT11) -> 0.44616406 | BA11: =BA$2*(Underlying*EXP(-DividendYield*TimeToExpiration)*_xlfn.NORM.DIST(BA$2*(LN(Underlying/$H11)+(RiskFreeRate-DividendYield+0.5*AY11^2)*TimeToExpiration)/(AY11*TimeToExpiration^0.5), 0, 1, TRUE) - $H11*EXP(-RiskFreeRate*TimeToExpiration)*_xlfn.NORM.DIST(BA$2*(LN(Underlying/$H11)+(RiskFreeRate-DividendYield-0.5*AY11^2)*TimeToExpiration)/(AY11*TimeToExpiration^0.5), 0, 1, TRUE) ) -> 30.0591 | BB11: =BB$2*(Underlying*EXP(-DividendYield*TimeToExpiration)*_xlfn.NORM.DIST(BB$2*(LN(Underlying/$H11)+(RiskFreeRate-DividendYield+0.5*AZ11^2)*TimeToExpiration)/(AZ11*TimeToExpiration^0.5), 0, 1, TRUE) - $H11*EXP(-RiskFreeRate*TimeToExpiration)*_xlfn.NORM.DIST(BB$2*(LN(Underlying/$H11)+(RiskFreeRate-DividendYield-0.5*AZ11^2)*TimeToExpiration)/(AZ11*TimeToExpiration^0.5), 0, 1, TRUE) ) -> 30.201935 | BC11: =(AY11+AZ11)/2 -> 0.43444922 | BD11: =BD$2*(Underlying*EXP(-DividendYield*TimeToExpiration)*_xlfn.NORM.DIST(BD$2*(LN(Underlying/$H11)+(RiskFreeRate-DividendYield+0.5*BC11^2)*TimeToExpiration)/(BC11*TimeToExpiration^0.5), 0, 1, TRUE) - $H11*EXP(-RiskFreeRate*TimeToExpiration)*_xlfn.NORM.DIST(BD$2*(LN(Underlying/$H11)+(RiskFreeRate-DividendYield-0.5*BC11^2)*TimeToExpiration)/(BC11*TimeToExpiration^0.5), 0, 1, TRUE) ) -> 30.128405 | BE11: =IF(BD11>$G11, AY11, BC11) -> 0.43444922 | BF11: =IF(BD11>$G11, BC11, AZ11) -> 0.44616406 | BG11: =BG$2*(Underlying*EXP(-DividendYield*TimeToExpiration)*_xlfn.NORM.DIST(BG$2*(LN(Underlying/$H11)+(RiskFreeRate-DividendYield+0.5*BE11^2)*TimeToExpiration)/(BE11*TimeToExpiration^0.5), 0, 1, TRUE) - $H11*EXP(-RiskFreeRate*TimeToExpiration)*_xlfn.NORM.DIST(BG$2*(LN(Underlying/$H11)+(RiskFreeRate-DividendYield-0.5*BE11^2)*TimeToExpiration)/(BE11*TimeToExpiration^0.5), 0, 1, TRUE) ) -> 30.128405 | BH11: =BH$2*(Underlying*EXP(-DividendYield*TimeToExpiration)*_xlfn.NORM.DIST(BH$2*(LN(Underlying/$H11)+(RiskFreeRate-DividendYield+0.5*BF11^2)*TimeToExpiration)/(BF11*TimeToExpiration^0.5), 0, 1, TRUE) - $H11*EXP(-RiskFreeRate*TimeToExpiration)*_xlfn.NORM.DIST(BH$2*(LN(Underlying/$H11)+(RiskFreeRate-DividendYield-0.5*BF11^2)*TimeToExpiration)/(BF11*TimeToExpiration^0.5), 0, 1, TRUE) ) -> 30.201935 | BI11: =(BE11+BF11)/2 -> 0.44030664 | BJ11: =BJ$2*(Underlying*EXP(-DividendYield*TimeToExpiration)*_xlfn.NORM.DIST(BJ$2*(LN(Underlying/$H11)+(RiskFreeRate-DividendYield+0.5*BI11^2)*TimeToExpiration)/(BI11*TimeToExpiration^0.5), 0, 1, TRUE) - $H11*EXP(-RiskFreeRate*TimeToExpiration)*_xlfn.NORM.DIST(BJ$2*(LN(Underlying/$H11)+(RiskFreeRate-DividendYield-0.5*BI11^2)*TimeToExpiration)/(BI11*TimeToExpiration^0.5), 0, 1, TRUE) ) -> 30.164647 | BK11: =IF(BJ11>$G11, BE11, BI11) -> 0.44030664 | BL11: =IF(BJ11>$G11, BI11, BF11) -> 0.44616406 | BM11: =BM$2*(Underlying*EXP(-DividendYield*TimeToExpiration)*_xlfn.NORM.DIST(BM$2*(LN(Underlying/$H11)+(RiskFreeRate-DividendYield+0.5*BK11^2)*TimeToExpiration)/(BK11*TimeToExpiration^0.5), 0, 1, TRUE) - $H11*EXP(-RiskFreeRate*TimeToExpiration)*_xlfn.NORM.DIST(BM$2*(LN(Underlying/$H11)+(RiskFreeRate-DividendYield-0.5*BK11^2)*TimeToExpiration)/(BK11*TimeToExpiration^0.5), 0, 1, TRUE) ) -> 30.164647 | BN11: =BN$2*(Underlying*EXP(-DividendYield*TimeToExpiration)*_xlfn.NORM.DIST(BN$2*(LN(Underlying/$H11)+(RiskFreeRate-DividendYield+0.5*BL11^2)*TimeToExpiration)/(BL11*TimeToExpiration^0.5), 0, 1, TRUE) - $H11*EXP(-RiskFreeRate*TimeToExpiration)*_xlfn.NORM.DIST(BN$2*(LN(Underlying/$H11)+(RiskFreeRate-DividendYield-0.5*BL11^2)*TimeToExpiration)/(BL11*TimeToExpiration^0.5), 0, 1, TRUE) ) -> 30.201935 | BO11: =(BK11+BL11)/2 -> 0.44323535 | BP11: =BP$2*(Underlying*EXP(-DividendYield*TimeToExpiration)*_xlfn.NORM.DIST(BP$2*(LN(Underlying/$H11)+(RiskFreeRate-DividendYield+0.5*BO11^2)*TimeToExpiration)/(BO11*TimeToExpiration^0.5), 0, 1, TRUE) - $H11*EXP(-RiskFreeRate*TimeToExpiration)*_xlfn.NORM.DIST(BP$2*(LN(Underlying/$H11)+(RiskFreeRate-DividendYield-0.5*BO11^2)*TimeToExpiration)/(BO11*TimeToExpiration^0.5), 0, 1, TRUE) ) -> 30.183161 | BQ11: =IF(BP11>$G11, BK11, BO11) -> 0.44030664 | BR11: =IF(BP11>$G11, BO11, BL11) -> 0.44323535 | BS11: =BS$2*(Underlying*EXP(-DividendYield*TimeToExpiration)*_xlfn.NORM.DIST(BS$2*(LN(Underlying/$H11)+(RiskFreeRate-DividendYield+0.5*BQ11^2)*TimeToExpiration)/(BQ11*TimeToExpiration^0.5), 0, 1, TRUE) - $H11*EXP(-RiskFreeRate*TimeToExpiration)*_xlfn.NORM.DIST(BS$2*(LN(Underlying/$H11)+(RiskFreeRate-DividendYield-0.5*BQ11^2)*TimeToExpiration)/(BQ11*TimeToExpiration^0.5), 0, 1, TRUE) ) -> 30.164647 | BT11: =BT$2*(Underlying*EXP(-DividendYield*TimeToExpiration)*_xlfn.NORM.DIST(BT$2*(LN(Underlying/$H11)+(RiskFreeRate-DividendYield+0.5*BR11^2)*TimeToExpiration)/(BR11*TimeToExpiration^0.5), 0, 1, TRUE) - $H11*EXP(-RiskFreeRate*TimeToExpiration)*_xlfn.NORM.DIST(BT$2*(LN(Underlying/$H11)+(RiskFreeRate-DividendYield-0.5*BR11^2)*TimeToExpiration)/(BR11*TimeToExpiration^0.5), 0, 1, TRUE) ) -> 30.183161 | BU11: =(BQ11+BR11)/2 -> 0.441771 | BV11: =BV$2*(Underlying*EXP(-DividendYield*TimeToExpiration)*_xlfn.NORM.DIST(BV$2*(LN(Underlying/$H11)+(RiskFreeRate-DividendYield+0.5*BU11^2)*TimeToExpiration)/(BU11*TimeToExpiration^0.5), 0, 1, TRUE) - $H11*EXP(-RiskFreeRate*TimeToExpiration)*_xlfn.NORM.DIST(BV$2*(LN(Underlying/$H11)+(RiskFreeRate-DividendYield-0.5*BU11^2)*TimeToExpiration)/(BU11*TimeToExpiration^0.5), 0, 1, TRUE) ) -> 30.173872 | BW11: =IF(BV11>$G11, BQ11, BU11) -> 0.441771 | BX11: =IF(BV11>$G11, BU11, BR11) -> 0.44323535 | BY11: =BY$2*(Underlying*EXP(-DividendYield*TimeToExpiration)*_xlfn.NORM.DIST(BY$2*(LN(Underlying/$H11)+(RiskFreeRate-DividendYield+0.5*BW11^2)*TimeToExpiration)/(BW11*TimeToExpiration^0.5), 0, 1, TRUE) - $H11*EXP(-RiskFreeRate*TimeToExpiration)*_xlfn.NORM.DIST(BY$2*(LN(Underlying/$H11)+(RiskFreeRate-DividendYield-0.5*BW11^2)*TimeToExpiration)/(BW11*TimeToExpiration^0.5), 0, 1, TRUE) ) -> 30.173872 | BZ11: =BZ$2*(Underlying*EXP(-DividendYield*TimeToExpiration)*_xlfn.NORM.DIST(BZ$2*(LN(Underlying/$H11)+(RiskFreeRate-DividendYield+0.5*BX11^2)*TimeToExpiration)/(BX11*TimeToExpiration^0.5), 0, 1, TRUE) - $H11*EXP(-RiskFreeRate*TimeToExpiration)*_xlfn.NORM.DIST(BZ$2*(LN(Underlying/$H11)+(RiskFreeRate-DividendYield-0.5*BX11^2)*TimeToExpiration)/(BX11*TimeToExpiration^0.5), 0, 1, TRUE) ) -> 30.183161 | CA11: =(BW11+BX11)/2 -> 0.44250317 | CB11: =CB$2*(Underlying*EXP(-DividendYield*TimeToExpiration)*_xlfn.NORM.DIST(CB$2*(LN(Underlying/$H11)+(RiskFreeRate-DividendYield+0.5*CA11^2)*TimeToExpiration)/(CA11*TimeToExpiration^0.5), 0, 1, TRUE) - $H11*EXP(-RiskFreeRate*TimeToExpiration)*_xlfn.NORM.DIST(CB$2*(LN(Underlying/$H11)+(RiskFreeRate-DividendYield-0.5*CA11^2)*TimeToExpiration)/(CA11*TimeToExpiration^0.5), 0, 1, TRUE) ) -> 30.178509 | CC11: =IF(CB11>$G11, BW11, CA11) -> 0.441771 | CD11: =IF(CB11>$G11, CA11, BX11) -> 0.44250317 | CE11: =CE$2*(Underlying*EXP(-DividendYield*TimeToExpiration)*_xlfn.NORM.DIST(CE$2*(LN(Underlying/$H11)+(RiskFreeRate-DividendYield+0.5*CC11^2)*TimeToExpiration)/(CC11*TimeToExpiration^0.5), 0, 1, TRUE) - $H11*EXP(-RiskFreeRate*TimeToExpiration)*_xlfn.NORM.DIST(CE$2*(LN(Underlying/$H11)+(RiskFreeRate-DividendYield-0.5*CC11^2)*TimeToExpiration)/(CC11*TimeToExpiration^0.5), 0, 1, TRUE) ) -> 30.173872 | CF11: =CF$2*(Underlying*EXP(-DividendYield*TimeToExpiration)*_xlfn.NORM.DIST(CF$2*(LN(Underlying/$H11)+(RiskFreeRate-DividendYield+0.5*CD11^2)*TimeToExpiration)/(CD11*TimeToExpiration^0.5), 0, 1, TRUE) - $H11*EXP(-RiskFreeRate*TimeToExpiration)*_xlfn.NORM.DIST(CF$2*(LN(Underlying/$H11)+(RiskFreeRate-DividendYield-0.5*CD11^2)*TimeToExpiration)/(CD11*TimeToExpiration^0.5), 0, 1, TRUE) ) -> 30.178509 | CG11: =(CC11+CD11)/2 -> 0.44213708 | CH11: =CH$2*(Underlying*EXP(-DividendYield*TimeToExpiration)*_xlfn.NORM.DIST(CH$2*(LN(Underlying/$H11)+(RiskFreeRate-DividendYield+0.5*CG11^2)*TimeToExpiration)/(CG11*TimeToExpiration^0.5), 0, 1, TRUE) - $H11*EXP(-RiskFreeRate*TimeToExpiration)*_xlfn.NORM.DIST(CH$2*(LN(Underlying/$H11)+(RiskFreeRate-DividendYield-0.5*CG11^2)*TimeToExpiration)/(CG11*TimeToExpiration^0.5), 0, 1, TRUE) ) -> 30.176188 | CI11: =IF(CH11>$G11, CC11, CG11) -> 0.441771 | CJ11: =IF(CH11>$G11, CG11, CD11) -> 0.44213708 | CK11: =CK$2*(Underlying*EXP(-DividendYield*TimeToExpiration)*_xlfn.NORM.DIST(CK$2*(LN(Underlying/$H11)+(RiskFreeRate-DividendYield+0.5*CI11^2)*TimeToExpiration)/(CI11*TimeToExpiration^0.5), 0, 1, TRUE) - $H11*EXP(-RiskFreeRate*TimeToExpiration)*_xlfn.NORM.DIST(CK$2*(LN(Underlying/$H11)+(RiskFreeRate-DividendYield-0.5*CI11^2)*TimeToExpiration)/(CI11*TimeToExpiration^0.5), 0, 1, TRUE) ) -> 30.173872 | CL11: =CL$2*(Underlying*EXP(-DividendYield*TimeToExpiration)*_xlfn.NORM.DIST(CL$2*(LN(Underlying/$H11)+(RiskFreeRate-DividendYield+0.5*CJ11^2)*TimeToExpiration)/(CJ11*TimeToExpiration^0.5), 0, 1, TRUE) - $H11*EXP(-RiskFreeRate*TimeToExpiration)*_xlfn.NORM.DIST(CL$2*(LN(Underlying/$H11)+(RiskFreeRate-DividendYield-0.5*CJ11^2)*TimeToExpiration)/(CJ11*TimeToExpiration^0.5), 0, 1, TRUE) ) -> 30.176188 | CM11: =(CI11+CJ11)/2 -> 0.44195404 | CN11: =CN$2*(Underlying*EXP(-DividendYield*TimeToExpiration)*_xlfn.NORM.DIST(CN$2*(LN(Underlying/$H11)+(RiskFreeRate-DividendYield+0.5*CM11^2)*TimeToExpiration)/(CM11*TimeToExpiration^0.5), 0, 1, TRUE) - $H11*EXP(-RiskFreeRate*TimeToExpiration)*_xlfn.NORM.DIST(CN$2*(LN(Underlying/$H11)+(RiskFreeRate-DividendYield-0.5*CM11^2)*TimeToExpiration)/(CM11*TimeToExpiration^0.5), 0, 1, TRUE) ) -> 30.175029 | CO11: =IF(CN11>$G11, CI11, CM11) -> 0.441771 | CP11: =IF(CN11>$G11, CM11, CJ11) -> 0.44195404 | CQ11: =CQ$2*(Underlying*EXP(-DividendYield*TimeToExpiration)*_xlfn.NORM.DIST(CQ$2*(LN(Underlying/$H11)+(RiskFreeRate-DividendYield+0.5*CO11^2)*TimeToExpiration)/(CO11*TimeToExpiration^0.5), 0, 1, TRUE) - $H11*EXP(-RiskFreeRate*TimeToExpiration)*_xlfn.NORM.DIST(CQ$2*(LN(Underlying/$H11)+(RiskFreeRate-DividendYield-0.5*CO11^2)*TimeToExpiration)/(CO11*TimeToExpiration^0.5), 0, 1, TRUE) ) -> 30.173872 | CR11: =CR$2*(Underlying*EXP(-DividendYield*TimeToExpiration)*_xlfn.NORM.DIST(CR$2*(LN(Underlying/$H11)+(RiskFreeRate-DividendYield+0.5*CP11^2)*TimeToExpiration)/(CP11*TimeToExpiration^0.5), 0, 1, TRUE) - $H11*EXP(-RiskFreeRate*TimeToExpiration)*_xlfn.NORM.DIST(CR$2*(LN(Underlying/$H11)+(RiskFreeRate-DividendYield-0.5*CP11^2)*TimeToExpiration)/(CP11*TimeToExpiration^0.5), 0, 1, TRUE) ) -> 30.175029 | CS11: =(CO11+CP11)/2 -> 0.44186252 | CT11: =CT$2*(Underlying*EXP(-DividendYield*TimeToExpiration)*_xlfn.NORM.DIST(CT$2*(LN(Underlying/$H11)+(RiskFreeRate-DividendYield+0.5*CS11^2)*TimeToExpiration)/(CS11*TimeToExpiration^0.5), 0, 1, TRUE) - $H11*EXP(-RiskFreeRate*TimeToExpiration)*_xlfn.NORM.DIST(CT$2*(LN(Underlying/$H11)+(RiskFreeRate-DividendYield-0.5*CS11^2)*TimeToExpiration)/(CS11*TimeToExpiration^0.5), 0, 1, TRUE) ) -> 30.174451 | CU11: =IF(CT11>$G11, CO11, CS11) -> 0.44186252 | CV11: =IF(CT11>$G11, CS11, CP11) -> 0.44195404 | CW11: =CW$2*(Underlying*EXP(-DividendYield*TimeToExpiration)*_xlfn.NORM.DIST(CW$2*(LN(Underlying/$H11)+(RiskFreeRate-DividendYield+0.5*CU11^2)*TimeToExpiration)/(CU11*TimeToExpiration^0.5), 0, 1, TRUE) - $H11*EXP(-RiskFreeRate*TimeToExpiration)*_xlfn.NORM.DIST(CW$2*(LN(Underlying/$H11)+(RiskFreeRate-DividendYield-0.5*CU11^2)*TimeToExpiration)/(CU11*TimeToExpiration^0.5), 0, 1, TRUE) ) -> 30.174451 | CX11: =CX$2*(Underlying*EXP(-DividendYield*TimeToExpiration)*_xlfn.NORM.DIST(CX$2*(LN(Underlying/$H11)+(RiskFreeRate-DividendYield+0.5*CV11^2)*TimeToExpiration)/(CV11*TimeToExpiration^0.5), 0, 1, TRUE) - $H11*EXP(-RiskFreeRate*TimeToExpiration)*_xlfn.NORM.DIST(CX$2*(LN(Underlying/$H11)+(RiskFreeRate-DividendYield-0.5*CV11^2)*TimeToExpiration)/(CV11*TimeToExpiration^0.5), 0, 1, TRUE) ) -> 30.175029 | CY11: =(CU11+CV11)/2 -> 0.44190828 | CZ11: =CZ$2*(Underlying*EXP(-DividendYield*TimeToExpiration)*_xlfn.NORM.DIST(CZ$2*(LN(Underlying/$H11)+(RiskFreeRate-DividendYield+0.5*CY11^2)*TimeToExpiration)/(CY11*TimeToExpiration^0.5), 0, 1, TRUE) - $H11*EXP(-RiskFreeRate*TimeToExpiration)*_xlfn.NORM.DIST(CZ$2*(LN(Underlying/$H11)+(RiskFreeRate-DividendYield-0.5*CY11^2)*TimeToExpiration)/(CY11*TimeToExpiration^0.5), 0, 1, TRUE) ) -> 30.17474 | DA11: =IF(CZ11>$G11, CU11, CY11) -> 0.44190828 | DB11: =IF(CZ11>$G11, CY11, CV11) -> 0.44195404 | DC11: =DC$2*(Underlying*EXP(-DividendYield*TimeToExpiration)*_xlfn.NORM.DIST(DC$2*(LN(Underlying/$H11)+(RiskFreeRate-DividendYield+0.5*DA11^2)*TimeToExpiration)/(DA11*TimeToExpiration^0.5), 0, 1, TRUE) - $H11*EXP(-RiskFreeRate*TimeToExpiration)*_xlfn.NORM.DIST(DC$2*(LN(Underlying/$H11)+(RiskFreeRate-DividendYield-0.5*DA11^2)*TimeToExpiration)/(DA11*TimeToExpiration^0.5), 0, 1, TRUE) ) -> 30.17474 | DD11: =DD$2*(Underlying*EXP(-DividendYield*TimeToExpiration)*_xlfn.NORM.DIST(DD$2*(LN(Underlying/$H11)+(RiskFreeRate-DividendYield+0.5*DB11^2)*TimeToExpiration)/(DB11*TimeToExpiration^0.5), 0, 1, TRUE) - $H11*EXP(-RiskFreeRate*TimeToExpiration)*_xlfn.NORM.DIST(DD$2*(LN(Underlying/$H11)+(RiskFreeRate-DividendYield-0.5*DB11^2)*TimeToExpiration)/(DB11*TimeToExpiration^0.5), 0, 1, TRUE) ) -> 30.175029 | DE11: =(DA11+DB11)/2 -> 0.44193116 | DF11: =DF$2*(Underlying*EXP(-DividendYield*TimeToExpiration)*_xlfn.NORM.DIST(DF$2*(LN(Underlying/$H11)+(RiskFreeRate-DividendYield+0.5*DE11^2)*TimeToExpiration)/(DE11*TimeToExpiration^0.5), 0, 1, TRUE) - $H11*EXP(-RiskFreeRate*TimeToExpiration)*_xlfn.NORM.DIST(DF$2*(LN(Underlying/$H11)+(RiskFreeRate-DividendYield-0.5*DE11^2)*TimeToExpiration)/(DE11*TimeToExpiration^0.5), 0, 1, TRUE) ) -> 30.174885
A12: ='Option Mkt Data'!A12 -> 312.5 | B12: =DE12 -> 0.39946485 | C12: =DF12 -> 27.599876 | D12: =ABS(C12-G12) -> 0.00011495926 | E12: =D12/G12 -> 4.1651919e-06 | F12: =D12/'Option Mkt Data'!L12 -> 0.00011495926 | G12: ='Option Mkt Data'!J12 -> 27.599991 | H12: ='Option Mkt Data'!A12 -> 312.5 | I12: =MinSolverVola -> 0.001 | J12: =MaxSolverVola -> 3 | K12: =K$2*(Underlying*EXP(-DividendYield*TimeToExpiration)*_xlfn.NORM.DIST(K$2*(LN(Underlying/$H12)+(RiskFreeRate-DividendYield+0.5*I12^2)*TimeToExpiration)/(I12*TimeToExpiration^0.5), 0, 1, TRUE) - $H12*EXP(-RiskFreeRate*TimeToExpiration)*_xlfn.NORM.DIST(K$2*(LN(Underlying/$H12)+(RiskFreeRate-DividendYield-0.5*I12^2)*TimeToExpiration)/(I12*TimeToExpiration^0.5), 0, 1, TRUE) ) -> 27.02248 | L12: =L$2*(Underlying*EXP(-DividendYield*TimeToExpiration)*_xlfn.NORM.DIST(L$2*(LN(Underlying/$H12)+(RiskFreeRate-DividendYield+0.5*J12^2)*TimeToExpiration)/(J12*TimeToExpiration^0.5), 0, 1, TRUE) - $H12*EXP(-RiskFreeRate*TimeToExpiration)*_xlfn.NORM.DIST(L$2*(LN(Underlying/$H12)+(RiskFreeRate-DividendYield-0.5*J12^2)*TimeToExpiration)/(J12*TimeToExpiration^0.5), 0, 1, TRUE) ) -> 69.259171 | M12: =(I12+J12)/2 -> 1.5005 | N12: =N$2*(Underlying*EXP(-DividendYield*TimeToExpiration)*_xlfn.NORM.DIST(N$2*(LN(Underlying/$H12)+(RiskFreeRate-DividendYield+0.5*M12^2)*TimeToExpiration)/(M12*TimeToExpiration^0.5), 0, 1, TRUE) - $H12*EXP(-RiskFreeRate*TimeToExpiration)*_xlfn.NORM.DIST(N$2*(LN(Underlying/$H12)+(RiskFreeRate-DividendYield-0.5*M12^2)*TimeToExpiration)/(M12*TimeToExpiration^0.5), 0, 1, TRUE) ) -> 43.104287 | O12: =IF(N12>$G12, I12, M12) -> 0.001 | P12: =IF(N12>$G12, M12, J12) -> 1.5005 | Q12: =Q$2*(Underlying*EXP(-DividendYield*TimeToExpiration)*_xlfn.NORM.DIST(Q$2*(LN(Underlying/$H12)+(RiskFreeRate-DividendYield+0.5*O12^2)*TimeToExpiration)/(O12*TimeToExpiration^0.5), 0, 1, TRUE) - $H12*EXP(-RiskFreeRate*TimeToExpiration)*_xlfn.NORM.DIST(Q$2*(LN(Underlying/$H12)+(RiskFreeRate-DividendYield-0.5*O12^2)*TimeToExpiration)/(O12*TimeToExpiration^0.5), 0, 1, TRUE)) -> 27.02248 | R12: =R$2*(Underlying*EXP(-DividendYield*TimeToExpiration)*_xlfn.NORM.DIST(R$2*(LN(Underlying/$H12)+(RiskFreeRate-DividendYield+0.5*P12^2)*TimeToExpiration)/(P12*TimeToExpiration^0.5), 0, 1, TRUE) - $H12*EXP(-RiskFreeRate*TimeToExpiration)*_xlfn.NORM.DIST(R$2*(LN(Underlying/$H12)+(RiskFreeRate-DividendYield-0.5*P12^2)*TimeToExpiration)/(P12*TimeToExpiration^0.5), 0, 1, TRUE) ) -> 43.104287 | S12: =(O12+P12)/2 -> 0.75075 | T12: =T$2*(Underlying*EXP(-DividendYield*TimeToExpiration)*_xlfn.NORM.DIST(T$2*(LN(Underlying/$H12)+(RiskFreeRate-DividendYield+0.5*S12^2)*TimeToExpiration)/(S12*TimeToExpiration^0.5), 0, 1, TRUE) - $H12*EXP(-RiskFreeRate*TimeToExpiration)*_xlfn.NORM.DIST(T$2*(LN(Underlying/$H12)+(RiskFreeRate-DividendYield-0.5*S12^2)*TimeToExpiration)/(S12*TimeToExpiration^0.5), 0, 1, TRUE) ) -> 31.30708 | U12: =IF(T12>$G12, O12, S12) -> 0.001 | V12: =IF(T12>$G12, S12, P12) -> 0.75075 | W12: =W$2*(Underlying*EXP(-DividendYield*TimeToExpiration)*_xlfn.NORM.DIST(W$2*(LN(Underlying/$H12)+(RiskFreeRate-DividendYield+0.5*U12^2)*TimeToExpiration)/(U12*TimeToExpiration^0.5), 0, 1, TRUE) - $H12*EXP(-RiskFreeRate*TimeToExpiration)*_xlfn.NORM.DIST(W$2*(LN(Underlying/$H12)+(RiskFreeRate-DividendYield-0.5*U12^2)*TimeToExpiration)/(U12*TimeToExpiration^0.5), 0, 1, TRUE) ) -> 27.02248 | X12: =X$2*(Underlying*EXP(-DividendYield*TimeToExpiration)*_xlfn.NORM.DIST(X$2*(LN(Underlying/$H12)+(RiskFreeRate-DividendYield+0.5*V12^2)*TimeToExpiration)/(V12*TimeToExpiration^0.5), 0, 1, TRUE) - $H12*EXP(-RiskFreeRate*TimeToExpiration)*_xlfn.NORM.DIST(X$2*(LN(Underlying/$H12)+(RiskFreeRate-DividendYield-0.5*V12^2)*TimeToExpiration)/(V12*TimeToExpiration^0.5), 0, 1, TRUE) ) -> 31.30708 | Y12: =(U12+V12)/2 -> 0.375875 | Z12: =Z$2*(Underlying*EXP(-DividendYield*TimeToExpiration)*_xlfn.NORM.DIST(Z$2*(LN(Underlying/$H12)+(RiskFreeRate-DividendYield+0.5*Y12^2)*TimeToExpiration)/(Y12*TimeToExpiration^0.5), 0, 1, TRUE) - $H12*EXP(-RiskFreeRate*TimeToExpiration)*_xlfn.NORM.DIST(Z$2*(LN(Underlying/$H12)+(RiskFreeRate-DividendYield-0.5*Y12^2)*TimeToExpiration)/(Y12*TimeToExpiration^0.5), 0, 1, TRUE) ) -> 27.462296 | AA12: =IF(Z12>$G12, U12, Y12) -> 0.375875 | AB12: =IF(Z12>$G12, Y12, V12) -> 0.75075 | AC12: =AC$2*(Underlying*EXP(-DividendYield*TimeToExpiration)*_xlfn.NORM.DIST(AC$2*(LN(Underlying/$H12)+(RiskFreeRate-DividendYield+0.5*AA12^2)*TimeToExpiration)/(AA12*TimeToExpiration^0.5), 0, 1, TRUE) - $H12*EXP(-RiskFreeRate*TimeToExpiration)*_xlfn.NORM.DIST(AC$2*(LN(Underlying/$H12)+(RiskFreeRate-DividendYield-0.5*AA12^2)*TimeToExpiration)/(AA12*TimeToExpiration^0.5), 0, 1, TRUE) ) -> 27.462296 | AD12: =AD$2*(Underlying*EXP(-DividendYield*TimeToExpiration)*_xlfn.NORM.DIST(AD$2*(LN(Underlying/$H12)+(RiskFreeRate-DividendYield+0.5*AB12^2)*TimeToExpiration)/(AB12*TimeToExpiration^0.5), 0, 1, TRUE) - $H12*EXP(-RiskFreeRate*TimeToExpiration)*_xlfn.NORM.DIST(AD$2*(LN(Underlying/$H12)+(RiskFreeRate-DividendYield-0.5*AB12^2)*TimeToExpiration)/(AB12*TimeToExpiration^0.5), 0, 1, TRUE) ) -> 31.30708 | AE12: =(AA12+AB12)/2 -> 0.5633125 | AF12: =AF$2*(Underlying*EXP(-DividendYield*TimeToExpiration)*_xlfn.NORM.DIST(AF$2*(LN(Underlying/$H12)+(RiskFreeRate-DividendYield+0.5*AE12^2)*TimeToExpiration)/(AE12*TimeToExpiration^0.5), 0, 1, TRUE) - $H12*EXP(-RiskFreeRate*TimeToExpiration)*_xlfn.NORM.DIST(AF$2*(LN(Underlying/$H12)+(RiskFreeRate-DividendYield-0.5*AE12^2)*TimeToExpiration)/(AE12*TimeToExpiration^0.5), 0, 1, TRUE) ) -> 29.01427 | AG12: =IF(AF12>$G12, AA12, AE12) -> 0.375875 | AH12: =IF(AF12>$G12, AE12, AB12) -> 0.5633125 | AI12: =AI$2*(Underlying*EXP(-DividendYield*TimeToExpiration)*_xlfn.NORM.DIST(AI$2*(LN(Underlying/$H12)+(RiskFreeRate-DividendYield+0.5*AG12^2)*TimeToExpiration)/(AG12*TimeToExpiration^0.5), 0, 1, TRUE) - $H12*EXP(-RiskFreeRate*TimeToExpiration)*_xlfn.NORM.DIST(AI$2*(LN(Underlying/$H12)+(RiskFreeRate-DividendYield-0.5*AG12^2)*TimeToExpiration)/(AG12*TimeToExpiration^0.5), 0, 1, TRUE) ) -> 27.462296 | AJ12: =AJ$2*(Underlying*EXP(-DividendYield*TimeToExpiration)*_xlfn.NORM.DIST(AJ$2*(LN(Underlying/$H12)+(RiskFreeRate-DividendYield+0.5*AH12^2)*TimeToExpiration)/(AH12*TimeToExpiration^0.5), 0, 1, TRUE) - $H12*EXP(-RiskFreeRate*TimeToExpiration)*_xlfn.NORM.DIST(AJ$2*(LN(Underlying/$H12)+(RiskFreeRate-DividendYield-0.5*AH12^2)*TimeToExpiration)/(AH12*TimeToExpiration^0.5), 0, 1, TRUE) ) -> 29.01427 | AK12: =(AG12+AH12)/2 -> 0.46959375 | AL12: =AL$2*(Underlying*EXP(-DividendYield*TimeToExpiration)*_xlfn.NORM.DIST(AL$2*(LN(Underlying/$H12)+(RiskFreeRate-DividendYield+0.5*AK12^2)*TimeToExpiration)/(AK12*TimeToExpiration^0.5), 0, 1, TRUE) - $H12*EXP(-RiskFreeRate*TimeToExpiration)*_xlfn.NORM.DIST(AL$2*(LN(Underlying/$H12)+(RiskFreeRate-DividendYield-0.5*AK12^2)*TimeToExpiration)/(AK12*TimeToExpiration^0.5), 0, 1, TRUE) ) -> 28.115535 | AM12: =IF(AL12>$G12, AG12, AK12) -> 0.375875 | AN12: =IF(AL12>$G12, AK12, AH12) -> 0.46959375 | AO12: =AO$2*(Underlying*EXP(-DividendYield*TimeToExpiration)*_xlfn.NORM.DIST(AO$2*(LN(Underlying/$H12)+(RiskFreeRate-DividendYield+0.5*AM12^2)*TimeToExpiration)/(AM12*TimeToExpiration^0.5), 0, 1, TRUE) - $H12*EXP(-RiskFreeRate*TimeToExpiration)*_xlfn.NORM.DIST(AO$2*(LN(Underlying/$H12)+(RiskFreeRate-DividendYield-0.5*AM12^2)*TimeToExpiration)/(AM12*TimeToExpiration^0.5), 0, 1, TRUE) ) -> 27.462296 | AP12: =AP$2*(Underlying*EXP(-DividendYield*TimeToExpiration)*_xlfn.NORM.DIST(AP$2*(LN(Underlying/$H12)+(RiskFreeRate-DividendYield+0.5*AN12^2)*TimeToExpiration)/(AN12*TimeToExpiration^0.5), 0, 1, TRUE) - $H12*EXP(-RiskFreeRate*TimeToExpiration)*_xlfn.NORM.DIST(AP$2*(LN(Underlying/$H12)+(RiskFreeRate-DividendYield-0.5*AN12^2)*TimeToExpiration)/(AN12*TimeToExpiration^0.5), 0, 1, TRUE) ) -> 28.115535 | AQ12: =(AM12+AN12)/2 -> 0.42273437 | AR12: =AR$2*(Underlying*EXP(-DividendYield*TimeToExpiration)*_xlfn.NORM.DIST(AR$2*(LN(Underlying/$H12)+(RiskFreeRate-DividendYield+0.5*AQ12^2)*TimeToExpiration)/(AQ12*TimeToExpiration^0.5), 0, 1, TRUE) - $H12*EXP(-RiskFreeRate*TimeToExpiration)*_xlfn.NORM.DIST(AR$2*(LN(Underlying/$H12)+(RiskFreeRate-DividendYield-0.5*AQ12^2)*TimeToExpiration)/(AQ12*TimeToExpiration^0.5), 0, 1, TRUE) ) -> 27.753946 | AS12: =IF(AR12>$G12, AM12, AQ12) -> 0.375875 | AT12: =IF(AR12>$G12, AQ12, AN12) -> 0.42273437 | AU12: =AU$2*(Underlying*EXP(-DividendYield*TimeToExpiration)*_xlfn.NORM.DIST(AU$2*(LN(Underlying/$H12)+(RiskFreeRate-DividendYield+0.5*AS12^2)*TimeToExpiration)/(AS12*TimeToExpiration^0.5), 0, 1, TRUE) - $H12*EXP(-RiskFreeRate*TimeToExpiration)*_xlfn.NORM.DIST(AU$2*(LN(Underlying/$H12)+(RiskFreeRate-DividendYield-0.5*AS12^2)*TimeToExpiration)/(AS12*TimeToExpiration^0.5), 0, 1, TRUE) ) -> 27.462296 | AV12: =AV$2*(Underlying*EXP(-DividendYield*TimeToExpiration)*_xlfn.NORM.DIST(AV$2*(LN(Underlying/$H12)+(RiskFreeRate-DividendYield+0.5*AT12^2)*TimeToExpiration)/(AT12*TimeToExpiration^0.5), 0, 1, TRUE) - $H12*EXP(-RiskFreeRate*TimeToExpiration)*_xlfn.NORM.DIST(AV$2*(LN(Underlying/$H12)+(RiskFreeRate-DividendYield-0.5*AT12^2)*TimeToExpiration)/(AT12*TimeToExpiration^0.5), 0, 1, TRUE) ) -> 27.753946 | AW12: =(AS12+AT12)/2 -> 0.39930469 | AX12: =AX$2*(Underlying*EXP(-DividendYield*TimeToExpiration)*_xlfn.NORM.DIST(AX$2*(LN(Underlying/$H12)+(RiskFreeRate-DividendYield+0.5*AW12^2)*TimeToExpiration)/(AW12*TimeToExpiration^0.5), 0, 1, TRUE) - $H12*EXP(-RiskFreeRate*TimeToExpiration)*_xlfn.NORM.DIST(AX$2*(LN(Underlying/$H12)+(RiskFreeRate-DividendYield-0.5*AW12^2)*TimeToExpiration)/(AW12*TimeToExpiration^0.5), 0, 1, TRUE) ) -> 27.598878 | AY12: =IF(AX12>$G12, AS12, AW12) -> 0.39930469 | AZ12: =IF(AX12>$G12, AW12, AT12) -> 0.42273437 | BA12: =BA$2*(Underlying*EXP(-DividendYield*TimeToExpiration)*_xlfn.NORM.DIST(BA$2*(LN(Underlying/$H12)+(RiskFreeRate-DividendYield+0.5*AY12^2)*TimeToExpiration)/(AY12*TimeToExpiration^0.5), 0, 1, TRUE) - $H12*EXP(-RiskFreeRate*TimeToExpiration)*_xlfn.NORM.DIST(BA$2*(LN(Underlying/$H12)+(RiskFreeRate-DividendYield-0.5*AY12^2)*TimeToExpiration)/(AY12*TimeToExpiration^0.5), 0, 1, TRUE) ) -> 27.598878 | BB12: =BB$2*(Underlying*EXP(-DividendYield*TimeToExpiration)*_xlfn.NORM.DIST(BB$2*(LN(Underlying/$H12)+(RiskFreeRate-DividendYield+0.5*AZ12^2)*TimeToExpiration)/(AZ12*TimeToExpiration^0.5), 0, 1, TRUE) - $H12*EXP(-RiskFreeRate*TimeToExpiration)*_xlfn.NORM.DIST(BB$2*(LN(Underlying/$H12)+(RiskFreeRate-DividendYield-0.5*AZ12^2)*TimeToExpiration)/(AZ12*TimeToExpiration^0.5), 0, 1, TRUE) ) -> 27.753946 | BC12: =(AY12+AZ12)/2 -> 0.41101953 | BD12: =BD$2*(Underlying*EXP(-DividendYield*TimeToExpiration)*_xlfn.NORM.DIST(BD$2*(LN(Underlying/$H12)+(RiskFreeRate-DividendYield+0.5*BC12^2)*TimeToExpiration)/(BC12*TimeToExpiration^0.5), 0, 1, TRUE) - $H12*EXP(-RiskFreeRate*TimeToExpiration)*_xlfn.NORM.DIST(BD$2*(LN(Underlying/$H12)+(RiskFreeRate-DividendYield-0.5*BC12^2)*TimeToExpiration)/(BC12*TimeToExpiration^0.5), 0, 1, TRUE) ) -> 27.674159 | BE12: =IF(BD12>$G12, AY12, BC12) -> 0.39930469 | BF12: =IF(BD12>$G12, BC12, AZ12) -> 0.41101953 | BG12: =BG$2*(Underlying*EXP(-DividendYield*TimeToExpiration)*_xlfn.NORM.DIST(BG$2*(LN(Underlying/$H12)+(RiskFreeRate-DividendYield+0.5*BE12^2)*TimeToExpiration)/(BE12*TimeToExpiration^0.5), 0, 1, TRUE) - $H12*EXP(-RiskFreeRate*TimeToExpiration)*_xlfn.NORM.DIST(BG$2*(LN(Underlying/$H12)+(RiskFreeRate-DividendYield-0.5*BE12^2)*TimeToExpiration)/(BE12*TimeToExpiration^0.5), 0, 1, TRUE) ) -> 27.598878 | BH12: =BH$2*(Underlying*EXP(-DividendYield*TimeToExpiration)*_xlfn.NORM.DIST(BH$2*(LN(Underlying/$H12)+(RiskFreeRate-DividendYield+0.5*BF12^2)*TimeToExpiration)/(BF12*TimeToExpiration^0.5), 0, 1, TRUE) - $H12*EXP(-RiskFreeRate*TimeToExpiration)*_xlfn.NORM.DIST(BH$2*(LN(Underlying/$H12)+(RiskFreeRate-DividendYield-0.5*BF12^2)*TimeToExpiration)/(BF12*TimeToExpiration^0.5), 0, 1, TRUE) ) -> 27.674159 | BI12: =(BE12+BF12)/2 -> 0.40516211 | BJ12: =BJ$2*(Underlying*EXP(-DividendYield*TimeToExpiration)*_xlfn.NORM.DIST(BJ$2*(LN(Underlying/$H12)+(RiskFreeRate-DividendYield+0.5*BI12^2)*TimeToExpiration)/(BI12*TimeToExpiration^0.5), 0, 1, TRUE) - $H12*EXP(-RiskFreeRate*TimeToExpiration)*_xlfn.NORM.DIST(BJ$2*(LN(Underlying/$H12)+(RiskFreeRate-DividendYield-0.5*BI12^2)*TimeToExpiration)/(BI12*TimeToExpiration^0.5), 0, 1, TRUE) ) -> 27.635947 | BK12: =IF(BJ12>$G12, BE12, BI12) -> 0.39930469 | BL12: =IF(BJ12>$G12, BI12, BF12) -> 0.40516211 | BM12: =BM$2*(Underlying*EXP(-DividendYield*TimeToExpiration)*_xlfn.NORM.DIST(BM$2*(LN(Underlying/$H12)+(RiskFreeRate-DividendYield+0.5*BK12^2)*TimeToExpiration)/(BK12*TimeToExpiration^0.5), 0, 1, TRUE) - $H12*EXP(-RiskFreeRate*TimeToExpiration)*_xlfn.NORM.DIST(BM$2*(LN(Underlying/$H12)+(RiskFreeRate-DividendYield-0.5*BK12^2)*TimeToExpiration)/(BK12*TimeToExpiration^0.5), 0, 1, TRUE) ) -> 27.598878 | BN12: =BN$2*(Underlying*EXP(-DividendYield*TimeToExpiration)*_xlfn.NORM.DIST(BN$2*(LN(Underlying/$H12)+(RiskFreeRate-DividendYield+0.5*BL12^2)*TimeToExpiration)/(BL12*TimeToExpiration^0.5), 0, 1, TRUE) - $H12*EXP(-RiskFreeRate*TimeToExpiration)*_xlfn.NORM.DIST(BN$2*(LN(Underlying/$H12)+(RiskFreeRate-DividendYield-0.5*BL12^2)*TimeToExpiration)/(BL12*TimeToExpiration^0.5), 0, 1, TRUE) ) -> 27.635947 | BO12: =(BK12+BL12)/2 -> 0.4022334 | BP12: =BP$2*(Underlying*EXP(-DividendYield*TimeToExpiration)*_xlfn.NORM.DIST(BP$2*(LN(Underlying/$H12)+(RiskFreeRate-DividendYield+0.5*BO12^2)*TimeToExpiration)/(BO12*TimeToExpiration^0.5), 0, 1, TRUE) - $H12*EXP(-RiskFreeRate*TimeToExpiration)*_xlfn.NORM.DIST(BP$2*(LN(Underlying/$H12)+(RiskFreeRate-DividendYield-0.5*BO12^2)*TimeToExpiration)/(BO12*TimeToExpiration^0.5), 0, 1, TRUE) ) -> 27.617269 | BQ12: =IF(BP12>$G12, BK12, BO12) -> 0.39930469 | BR12: =IF(BP12>$G12, BO12, BL12) -> 0.4022334 | BS12: =BS$2*(Underlying*EXP(-DividendYield*TimeToExpiration)*_xlfn.NORM.DIST(BS$2*(LN(Underlying/$H12)+(RiskFreeRate-DividendYield+0.5*BQ12^2)*TimeToExpiration)/(BQ12*TimeToExpiration^0.5), 0, 1, TRUE) - $H12*EXP(-RiskFreeRate*TimeToExpiration)*_xlfn.NORM.DIST(BS$2*(LN(Underlying/$H12)+(RiskFreeRate-DividendYield-0.5*BQ12^2)*TimeToExpiration)/(BQ12*TimeToExpiration^0.5), 0, 1, TRUE) ) -> 27.598878 | BT12: =BT$2*(Underlying*EXP(-DividendYield*TimeToExpiration)*_xlfn.NORM.DIST(BT$2*(LN(Underlying/$H12)+(RiskFreeRate-DividendYield+0.5*BR12^2)*TimeToExpiration)/(BR12*TimeToExpiration^0.5), 0, 1, TRUE) - $H12*EXP(-RiskFreeRate*TimeToExpiration)*_xlfn.NORM.DIST(BT$2*(LN(Underlying/$H12)+(RiskFreeRate-DividendYield-0.5*BR12^2)*TimeToExpiration)/(BR12*TimeToExpiration^0.5), 0, 1, TRUE) ) -> 27.617269 | BU12: =(BQ12+BR12)/2 -> 0.40076904 | BV12: =BV$2*(Underlying*EXP(-DividendYield*TimeToExpiration)*_xlfn.NORM.DIST(BV$2*(LN(Underlying/$H12)+(RiskFreeRate-DividendYield+0.5*BU12^2)*TimeToExpiration)/(BU12*TimeToExpiration^0.5), 0, 1, TRUE) - $H12*EXP(-RiskFreeRate*TimeToExpiration)*_xlfn.NORM.DIST(BV$2*(LN(Underlying/$H12)+(RiskFreeRate-DividendYield-0.5*BU12^2)*TimeToExpiration)/(BU12*TimeToExpiration^0.5), 0, 1, TRUE) ) -> 27.608037 | BW12: =IF(BV12>$G12, BQ12, BU12) -> 0.39930469 | BX12: =IF(BV12>$G12, BU12, BR12) -> 0.40076904 | BY12: =BY$2*(Underlying*EXP(-DividendYield*TimeToExpiration)*_xlfn.NORM.DIST(BY$2*(LN(Underlying/$H12)+(RiskFreeRate-DividendYield+0.5*BW12^2)*TimeToExpiration)/(BW12*TimeToExpiration^0.5), 0, 1, TRUE) - $H12*EXP(-RiskFreeRate*TimeToExpiration)*_xlfn.NORM.DIST(BY$2*(LN(Underlying/$H12)+(RiskFreeRate-DividendYield-0.5*BW12^2)*TimeToExpiration)/(BW12*TimeToExpiration^0.5), 0, 1, TRUE) ) -> 27.598878 | BZ12: =BZ$2*(Underlying*EXP(-DividendYield*TimeToExpiration)*_xlfn.NORM.DIST(BZ$2*(LN(Underlying/$H12)+(RiskFreeRate-DividendYield+0.5*BX12^2)*TimeToExpiration)/(BX12*TimeToExpiration^0.5), 0, 1, TRUE) - $H12*EXP(-RiskFreeRate*TimeToExpiration)*_xlfn.NORM.DIST(BZ$2*(LN(Underlying/$H12)+(RiskFreeRate-DividendYield-0.5*BX12^2)*TimeToExpiration)/(BX12*TimeToExpiration^0.5), 0, 1, TRUE) ) -> 27.608037 | CA12: =(BW12+BX12)/2 -> 0.40003687 | CB12: =CB$2*(Underlying*EXP(-DividendYield*TimeToExpiration)*_xlfn.NORM.DIST(CB$2*(LN(Underlying/$H12)+(RiskFreeRate-DividendYield+0.5*CA12^2)*TimeToExpiration)/(CA12*TimeToExpiration^0.5), 0, 1, TRUE) - $H12*EXP(-RiskFreeRate*TimeToExpiration)*_xlfn.NORM.DIST(CB$2*(LN(Underlying/$H12)+(RiskFreeRate-DividendYield-0.5*CA12^2)*TimeToExpiration)/(CA12*TimeToExpiration^0.5), 0, 1, TRUE) ) -> 27.603448 | CC12: =IF(CB12>$G12, BW12, CA12) -> 0.39930469 | CD12: =IF(CB12>$G12, CA12, BX12) -> 0.40003687 | CE12: =CE$2*(Underlying*EXP(-DividendYield*TimeToExpiration)*_xlfn.NORM.DIST(CE$2*(LN(Underlying/$H12)+(RiskFreeRate-DividendYield+0.5*CC12^2)*TimeToExpiration)/(CC12*TimeToExpiration^0.5), 0, 1, TRUE) - $H12*EXP(-RiskFreeRate*TimeToExpiration)*_xlfn.NORM.DIST(CE$2*(LN(Underlying/$H12)+(RiskFreeRate-DividendYield-0.5*CC12^2)*TimeToExpiration)/(CC12*TimeToExpiration^0.5), 0, 1, TRUE) ) -> 27.598878 | CF12: =CF$2*(Underlying*EXP(-DividendYield*TimeToExpiration)*_xlfn.NORM.DIST(CF$2*(LN(Underlying/$H12)+(RiskFreeRate-DividendYield+0.5*CD12^2)*TimeToExpiration)/(CD12*TimeToExpiration^0.5), 0, 1, TRUE) - $H12*EXP(-RiskFreeRate*TimeToExpiration)*_xlfn.NORM.DIST(CF$2*(LN(Underlying/$H12)+(RiskFreeRate-DividendYield-0.5*CD12^2)*TimeToExpiration)/(CD12*TimeToExpiration^0.5), 0, 1, TRUE) ) -> 27.603448 | CG12: =(CC12+CD12)/2 -> 0.39967078 | CH12: =CH$2*(Underlying*EXP(-DividendYield*TimeToExpiration)*_xlfn.NORM.DIST(CH$2*(LN(Underlying/$H12)+(RiskFreeRate-DividendYield+0.5*CG12^2)*TimeToExpiration)/(CG12*TimeToExpiration^0.5), 0, 1, TRUE) - $H12*EXP(-RiskFreeRate*TimeToExpiration)*_xlfn.NORM.DIST(CH$2*(LN(Underlying/$H12)+(RiskFreeRate-DividendYield-0.5*CG12^2)*TimeToExpiration)/(CG12*TimeToExpiration^0.5), 0, 1, TRUE) ) -> 27.601161 | CI12: =IF(CH12>$G12, CC12, CG12) -> 0.39930469 | CJ12: =IF(CH12>$G12, CG12, CD12) -> 0.39967078 | CK12: =CK$2*(Underlying*EXP(-DividendYield*TimeToExpiration)*_xlfn.NORM.DIST(CK$2*(LN(Underlying/$H12)+(RiskFreeRate-DividendYield+0.5*CI12^2)*TimeToExpiration)/(CI12*TimeToExpiration^0.5), 0, 1, TRUE) - $H12*EXP(-RiskFreeRate*TimeToExpiration)*_xlfn.NORM.DIST(CK$2*(LN(Underlying/$H12)+(RiskFreeRate-DividendYield-0.5*CI12^2)*TimeToExpiration)/(CI12*TimeToExpiration^0.5), 0, 1, TRUE) ) -> 27.598878 | CL12: =CL$2*(Underlying*EXP(-DividendYield*TimeToExpiration)*_xlfn.NORM.DIST(CL$2*(LN(Underlying/$H12)+(RiskFreeRate-DividendYield+0.5*CJ12^2)*TimeToExpiration)/(CJ12*TimeToExpiration^0.5), 0, 1, TRUE) - $H12*EXP(-RiskFreeRate*TimeToExpiration)*_xlfn.NORM.DIST(CL$2*(LN(Underlying/$H12)+(RiskFreeRate-DividendYield-0.5*CJ12^2)*TimeToExpiration)/(CJ12*TimeToExpiration^0.5), 0, 1, TRUE) ) -> 27.601161 | CM12: =(CI12+CJ12)/2 -> 0.39948773 | CN12: =CN$2*(Underlying*EXP(-DividendYield*TimeToExpiration)*_xlfn.NORM.DIST(CN$2*(LN(Underlying/$H12)+(RiskFreeRate-DividendYield+0.5*CM12^2)*TimeToExpiration)/(CM12*TimeToExpiration^0.5), 0, 1, TRUE) - $H12*EXP(-RiskFreeRate*TimeToExpiration)*_xlfn.NORM.DIST(CN$2*(LN(Underlying/$H12)+(RiskFreeRate-DividendYield-0.5*CM12^2)*TimeToExpiration)/(CM12*TimeToExpiration^0.5), 0, 1, TRUE) ) -> 27.600019 | CO12: =IF(CN12>$G12, CI12, CM12) -> 0.39930469 | CP12: =IF(CN12>$G12, CM12, CJ12) -> 0.39948773 | CQ12: =CQ$2*(Underlying*EXP(-DividendYield*TimeToExpiration)*_xlfn.NORM.DIST(CQ$2*(LN(Underlying/$H12)+(RiskFreeRate-DividendYield+0.5*CO12^2)*TimeToExpiration)/(CO12*TimeToExpiration^0.5), 0, 1, TRUE) - $H12*EXP(-RiskFreeRate*TimeToExpiration)*_xlfn.NORM.DIST(CQ$2*(LN(Underlying/$H12)+(RiskFreeRate-DividendYield-0.5*CO12^2)*TimeToExpiration)/(CO12*TimeToExpiration^0.5), 0, 1, TRUE) ) -> 27.598878 | CR12: =CR$2*(Underlying*EXP(-DividendYield*TimeToExpiration)*_xlfn.NORM.DIST(CR$2*(LN(Underlying/$H12)+(RiskFreeRate-DividendYield+0.5*CP12^2)*TimeToExpiration)/(CP12*TimeToExpiration^0.5), 0, 1, TRUE) - $H12*EXP(-RiskFreeRate*TimeToExpiration)*_xlfn.NORM.DIST(CR$2*(LN(Underlying/$H12)+(RiskFreeRate-DividendYield-0.5*CP12^2)*TimeToExpiration)/(CP12*TimeToExpiration^0.5), 0, 1, TRUE) ) -> 27.600019 | CS12: =(CO12+CP12)/2 -> 0.39939621 | CT12: =CT$2*(Underlying*EXP(-DividendYield*TimeToExpiration)*_xlfn.NORM.DIST(CT$2*(LN(Underlying/$H12)+(RiskFreeRate-DividendYield+0.5*CS12^2)*TimeToExpiration)/(CS12*TimeToExpiration^0.5), 0, 1, TRUE) - $H12*EXP(-RiskFreeRate*TimeToExpiration)*_xlfn.NORM.DIST(CT$2*(LN(Underlying/$H12)+(RiskFreeRate-DividendYield-0.5*CS12^2)*TimeToExpiration)/(CS12*TimeToExpiration^0.5), 0, 1, TRUE) ) -> 27.599448 | CU12: =IF(CT12>$G12, CO12, CS12) -> 0.39939621 | CV12: =IF(CT12>$G12, CS12, CP12) -> 0.39948773 | CW12: =CW$2*(Underlying*EXP(-DividendYield*TimeToExpiration)*_xlfn.NORM.DIST(CW$2*(LN(Underlying/$H12)+(RiskFreeRate-DividendYield+0.5*CU12^2)*TimeToExpiration)/(CU12*TimeToExpiration^0.5), 0, 1, TRUE) - $H12*EXP(-RiskFreeRate*TimeToExpiration)*_xlfn.NORM.DIST(CW$2*(LN(Underlying/$H12)+(RiskFreeRate-DividendYield-0.5*CU12^2)*TimeToExpiration)/(CU12*TimeToExpiration^0.5), 0, 1, TRUE) ) -> 27.599448 | CX12: =CX$2*(Underlying*EXP(-DividendYield*TimeToExpiration)*_xlfn.NORM.DIST(CX$2*(LN(Underlying/$H12)+(RiskFreeRate-DividendYield+0.5*CV12^2)*TimeToExpiration)/(CV12*TimeToExpiration^0.5), 0, 1, TRUE) - $H12*EXP(-RiskFreeRate*TimeToExpiration)*_xlfn.NORM.DIST(CX$2*(LN(Underlying/$H12)+(RiskFreeRate-DividendYield-0.5*CV12^2)*TimeToExpiration)/(CV12*TimeToExpiration^0.5), 0, 1, TRUE) ) -> 27.600019 | CY12: =(CU12+CV12)/2 -> 0.39944197 | CZ12: =CZ$2*(Underlying*EXP(-DividendYield*TimeToExpiration)*_xlfn.NORM.DIST(CZ$2*(LN(Underlying/$H12)+(RiskFreeRate-DividendYield+0.5*CY12^2)*TimeToExpiration)/(CY12*TimeToExpiration^0.5), 0, 1, TRUE) - $H12*EXP(-RiskFreeRate*TimeToExpiration)*_xlfn.NORM.DIST(CZ$2*(LN(Underlying/$H12)+(RiskFreeRate-DividendYield-0.5*CY12^2)*TimeToExpiration)/(CY12*TimeToExpiration^0.5), 0, 1, TRUE) ) -> 27.599733 | DA12: =IF(CZ12>$G12, CU12, CY12) -> 0.39944197 | DB12: =IF(CZ12>$G12, CY12, CV12) -> 0.39948773 | DC12: =DC$2*(Underlying*EXP(-DividendYield*TimeToExpiration)*_xlfn.NORM.DIST(DC$2*(LN(Underlying/$H12)+(RiskFreeRate-DividendYield+0.5*DA12^2)*TimeToExpiration)/(DA12*TimeToExpiration^0.5), 0, 1, TRUE) - $H12*EXP(-RiskFreeRate*TimeToExpiration)*_xlfn.NORM.DIST(DC$2*(LN(Underlying/$H12)+(RiskFreeRate-DividendYield-0.5*DA12^2)*TimeToExpiration)/(DA12*TimeToExpiration^0.5), 0, 1, TRUE) ) -> 27.599733 | DD12: =DD$2*(Underlying*EXP(-DividendYield*TimeToExpiration)*_xlfn.NORM.DIST(DD$2*(LN(Underlying/$H12)+(RiskFreeRate-DividendYield+0.5*DB12^2)*TimeToExpiration)/(DB12*TimeToExpiration^0.5), 0, 1, TRUE) - $H12*EXP(-RiskFreeRate*TimeToExpiration)*_xlfn.NORM.DIST(DD$2*(LN(Underlying/$H12)+(RiskFreeRate-DividendYield-0.5*DB12^2)*TimeToExpiration)/(DB12*TimeToExpiration^0.5), 0, 1, TRUE) ) -> 27.600019 | DE12: =(DA12+DB12)/2 -> 0.39946485 | DF12: =DF$2*(Underlying*EXP(-DividendYield*TimeToExpiration)*_xlfn.NORM.DIST(DF$2*(LN(Underlying/$H12)+(RiskFreeRate-DividendYield+0.5*DE12^2)*TimeToExpiration)/(DE12*TimeToExpiration^0.5), 0, 1, TRUE) - $H12*EXP(-RiskFreeRate*TimeToExpiration)*_xlfn.NORM.DIST(DF$2*(LN(Underlying/$H12)+(RiskFreeRate-DividendYield-0.5*DE12^2)*TimeToExpiration)/(DE12*TimeToExpiration^0.5), 0, 1, TRUE) ) -> 27.599876
